key	page	reason	english
activly.0-commission-x7fp	activly	claim (price/compliance/security/safeguarding wording)	0% commission
activly.0-commission-yxa3	activly	claim (price/compliance/security/safeguarding wording)	<1/>0% commission
activly.1-3-per-booking-3ioe	activly	claim (price/compliance/security/safeguarding wording)	1–3%+ per booking
activly.100-yours-1ild	activly	claim (price/compliance/security/safeguarding wording)	<1/> 100% yours
activly.160-matched-to-mia-1o5f	activly	claim (price/compliance/security/safeguarding wording)	£160 matched to Mia Doyle · Week 1
activly.3-1k-1y5q	activly	claim (price/compliance/security/safeguarding wording)	£3.1k
activly.69-60-avg-booking-2rq5	activly	claim (price/compliance/security/safeguarding wording)	£69.60 avg booking
activly.a-5-commission-platform-lnrz	activly	claim (price/compliance/security/safeguarding wording)	A 5% commission platform would take
activly.around-545-000-uk-1mxo	activly	claim (price/compliance/security/safeguarding wording)	Around <1>545,000 UK families</1> pay with Tax-Free Childcare. Accept it right at checkout, reconcile every payment against the right booking and child, and stop chasing “have you paid?” — no separate spreadsheet, no logging into the HMRC portal for every transaction.
activly.balance-340-1dp2	activly	claim (price/compliance/security/safeguarding wording)	Balance £340
activly.bookings-staff-finance-safeguarding-10qr	activly	claim (price/compliance/security/safeguarding wording)	Bookings, staff, finance, safeguarding and comms — every job an activity business does, spinning around a single {brand} core.
activly.commission-on-bookings-inaw	activly	claim (price/compliance/security/safeguarding wording)	Commission on bookings
activly.commission-on-every-booking-1crq	activly	claim (price/compliance/security/safeguarding wording)	Commission on every booking — a busy month never costs more
activly.dbs-certificate-tracking-stay-skpp	activly	claim (price/compliance/security/safeguarding wording)	DBS & certificate tracking<1><2>📇 Stay compliant</2>Keep DBS checks and staff certificates in one place with expiry reminders.</1>
activly.dbs-due-1c7a	activly	claim (price/compliance/security/safeguarding wording)	DBS due
activly.direct-hmrc-verification-rolling-10gz	activly	claim (price/compliance/security/safeguarding wording)	<1>⚡ Direct HMRC verification — rolling out</1>
activly.early-drop-off-4-1lhj	activly	claim (price/compliance/security/safeguarding wording)	<1/>Early drop-off · +£4
activly.every-payment-straight-to-hz33	activly	claim (price/compliance/security/safeguarding wording)	Every payment straight to your own bank at 0% commission — reconciled for you, not chased.
activly.government-scheme-20-top-nqqy	activly	claim (price/compliance/security/safeguarding wording)	Government scheme · 20% top-up
activly.hire-safely-rota-fairly-1q12	activly	claim (price/compliance/security/safeguarding wording)	Hire safely, rota fairly and pay accurately — HMRC-ready, with training built in.
activly.holiday-paye-payslips-z8fb	activly	claim (price/compliance/security/safeguarding wording)	Holiday & PAYE payslips
activly.how-we-protect-your-4d78	activly	claim (price/compliance/security/safeguarding wording)	How we protect your families’ data — UK GDPR, safeguarding, Stripe.
activly.live-registers-ratio-checks-vx16	activly	claim (price/compliance/security/safeguarding wording)	Live registers & ratio checks<1><2>✅ Sign in, stay legal</2>Sign children in and out on your phone; ratios update live and warn before you breach.</1>
activly.mia-doyle-160-00-18fy	activly	claim (price/compliance/security/safeguarding wording)	Mia Doyle · £160.00
activly.no-hmrc-portal-login-17zd	activly	claim (price/compliance/security/safeguarding wording)	No HMRC portal login needed
activly.paye-payroll-branded-payslips-s9ys	activly	claim (price/compliance/security/safeguarding wording)	PAYE payroll & branded payslips<1><2>💷 Pay accurately</2>Monthly pay with estimated PAYE, NI and pension, and payslips in your brand.</1>
activly.providers-usually-stitch-together-1p5b	activly	claim (price/compliance/security/safeguarding wording)	Providers usually stitch together a booking system, an email tool, payroll, HR, training and more — <1>£300+ a month</1> in separate subscriptions. Here it's one login from <2>£29/mo</2>, saving roughly <3>£4,000 a year</3> — with 0% commission and money straight to your own bank.
activly.refer-a-friend-10-16yk	activly	claim (price/compliance/security/safeguarding wording)	<1/>Refer a friend · £10
activly.refunds-computed-recorded-fair-tdli	activly	claim (price/compliance/security/safeguarding wording)	Refunds computed & recorded<1><2>↩️ Fair & recorded</2>Cancellations calculate the refund to your policy and log it against the booking.</1>
activly.registers-ratios-and-safeguarding-17pt	activly	claim (price/compliance/security/safeguarding wording)	“Registers, ratios and safeguarding are all on my phone on the day. It's the first system that actually feels built for coaches.”
activly.registers-ratios-and-safeguarding-17qp	activly	claim (price/compliance/security/safeguarding wording)	Registers, ratios and safeguarding — all on your phone, as the day happens.
activly.rota-timesheets-and-hmrc-1u1j	activly	claim (price/compliance/security/safeguarding wording)	Rota, timesheets and HMRC-ready payroll — plus DBS-tracked onboarding and CPD training built in.
activly.safeguarding-built-in-bp1r	activly	claim (price/compliance/security/safeguarding wording)	🔒 <1>Safeguarding built in</1>
activly.safeguarding-nyqo	activly	claim (price/compliance/security/safeguarding wording)	<1/>Safeguarding
activly.safer-recruitment-onboarding-dbs-bqhe	activly	claim (price/compliance/security/safeguarding wording)	Safer-recruitment onboarding & DBS<1><2>🛡️ Hire safely</2>Onboard to UK safer-recruitment standards and track DBS checks and expiry.</1>
activly.safer-recruitment-onboarding-dbs-ruzf	activly	claim (price/compliance/security/safeguarding wording)	Safer-recruitment onboarding & DBS
activly.staff-payroll-safeguarding-13mr	activly	claim (price/compliance/security/safeguarding wording)	Staff, payroll & safeguarding
activly.the-operating-system-for-glpd	activly	claim (price/compliance/security/safeguarding wording)	The operating system for activity providers — bookings, staff, finance, comms and safeguarding in one place, with <1>AI that clears the admin for you</1>. Every payment lands in <2>your own account</2>. One flat fee — <3>never a cut of your bookings</3>.
activly.training-centre-cpd-courses-1i2c	activly	claim (price/compliance/security/safeguarding wording)	<1>Training centre</1> — CPD courses & certificates<2><3>🎓 Train & certify</3>Assign CPD courses like safeguarding and first aid, track completion and issue certificates.</2>
activly.trips-risk-assessment-consent-gcvt	activly	claim (price/compliance/security/safeguarding wording)	Trips — risk assessment & consent<1><2>🚌 Off-site, covered</2>Risk assessment, parent consent per child, and a headcount out and back.</1>
companies.3-346-received-1b4v	companies	claim (price/compliance/security/safeguarding wording)	£3,346 received
companies.3-consents-outstanding-5hpc	companies	claim (price/compliance/security/safeguarding wording)	3 consents outstanding
companies.94-of-hmrc-payments-1eox	companies	claim (price/compliance/security/safeguarding wording)	94% of HMRC payments land against the right child and booking on their own.
companies.a-cancellation-is-offered-8n2y	companies	claim (price/compliance/security/safeguarding wording)	A cancellation is offered to the next family on the list, on its own.
companies.all-venues-27-31-kvh5	companies	claim (price/compliance/security/safeguarding wording)	All venues · 27–31 Oct · £26/day
companies.book-pay-swap-a-b7fx	companies	claim (price/compliance/security/safeguarding wording)	Book, pay, swap a date or cancel — without emailing you first.
companies.bookings-staff-safeguarding-and-pav2	companies	claim (price/compliance/security/safeguarding wording)	Bookings, staff, safeguarding and money — not five tools that don’t talk.
companies.chase-3-consents-bromley-6vu1	companies	claim (price/compliance/security/safeguarding wording)	Chase 3 consents · Bromley
companies.compliance-you-can-prove-1i9d	companies	claim (price/compliance/security/safeguarding wording)	Compliance you can prove
companies.every-site-legal-without-1mzy	companies	claim (price/compliance/security/safeguarding wording)	Every site legal, without the maths.
companies.every-venue-booking-payment-u7lo	companies	claim (price/compliance/security/safeguarding wording)	Every venue, booking, payment and staff member in one login — with the KPIs, rotas, payroll and compliance to run a real team.
companies.hmrc-batch-0901-kz9m	companies	claim (price/compliance/security/safeguarding wording)	HMRC-BATCH-0901
companies.hmrc-batch-0908-kz9m	companies	claim (price/compliance/security/safeguarding wording)	HMRC-BATCH-0908
companies.hmrc-pays-by-bacs-gydh	companies	claim (price/compliance/security/safeguarding wording)	HMRC pays by BACS with a terse reference, often batched across families, and the amount rarely equals your invoice. Every payment is matched to the right child and booking — you only see what genuinely needs a human.
companies.mon-wed-5-14-1fze	companies	claim (price/compliance/security/safeguarding wording)	Mon & Wed · 5–14 yrs · £8/class
companies.northgate-saturdays-all-ages-1yea	companies	claim (price/compliance/security/safeguarding wording)	Northgate · Saturdays · all ages · £15
companies.northgate-tuesdays-ages-8-1lf4	companies	claim (price/compliance/security/safeguarding wording)	Northgate · Tuesdays · ages 8–14 · £14
companies.parkside-oct-half-term-wd41	companies	claim (price/compliance/security/safeguarding wording)	Parkside · Oct half-term · £30/day
companies.plan-the-trip-collect-6pce	companies	claim (price/compliance/security/safeguarding wording)	Plan the trip, collect consents from parents, take a headcount on the coach and back — nobody left behind, at any site.
companies.ratios-dbs-tracking-medication-1jsr	companies	claim (price/compliance/security/safeguarding wording)	Ratios, DBS tracking, medication locks and read-and-confirm policies — evidence at inspection.
companies.riverside-mon-fri-ages-vz0l	companies	claim (price/compliance/security/safeguarding wording)	Riverside · Mon–Fri · ages 4–11 · £28/day
companies.rotas-timesheets-hmrc-ready-jzdd	companies	claim (price/compliance/security/safeguarding wording)	Rotas, timesheets, HMRC-ready payroll, holiday, onboarding and CPD training in one place.
companies.saturdays-3-8-yrs-13lo	companies	claim (price/compliance/security/safeguarding wording)	Saturdays · 3–8 yrs · £12/class
companies.total-wages-this-week-14wa	companies	claim (price/compliance/security/safeguarding wording)	Total wages · this week — £806.00
dpa.1-roles-1uvf	dpa	legal/safeguarding/security page	1. Roles
dpa.1-roles-of-the-dxm4	dpa	legal/safeguarding/security page	1. Roles of the parties
dpa.10-return-deletion-1wqj	dpa	legal/safeguarding/security page	10. Return & deletion
dpa.11-audit-16k8	dpa	legal/safeguarding/security page	11. Audit
dpa.11-audit-information-19wg	dpa	legal/safeguarding/security page	11. Audit & information
dpa.12-liability-7b9r	dpa	legal/safeguarding/security page	12. Liability
dpa.13-term-1mq2	dpa	legal/safeguarding/security page	13. Term
dpa.2-our-instructions-1mpd	dpa	legal/safeguarding/security page	2. Our instructions
dpa.2-processing-on-your-7daa	dpa	legal/safeguarding/security page	2. Processing on your instructions
dpa.3-our-obligations-as-69vu	dpa	legal/safeguarding/security page	3. Our obligations as Processor
dpa.3-our-obligations-rfv9	dpa	legal/safeguarding/security page	3. Our obligations
dpa.4-your-obligations-as-gumv	dpa	legal/safeguarding/security page	4. Your obligations as Controller
dpa.4-your-obligations-hwh6	dpa	legal/safeguarding/security page	4. Your obligations
dpa.5-security-3eqb	dpa	legal/safeguarding/security page	5. Security
dpa.6-sub-processors-xrjh	dpa	legal/safeguarding/security page	6. Sub-processors
dpa.7-assisting-with-data-pi0q	dpa	legal/safeguarding/security page	7. Assisting with data-subject requests
dpa.7-data-subject-requests-9m32	dpa	legal/safeguarding/security page	7. Data-subject requests
dpa.8-breaches-7z8z	dpa	legal/safeguarding/security page	8. Breaches
dpa.8-personal-data-breaches-pbp8	dpa	legal/safeguarding/security page	8. Personal data breaches
dpa.9-transfers-12jp	dpa	legal/safeguarding/security page	9. Transfers
dpa.assist-you-taking-into-8vhz	dpa	legal/safeguarding/security page	<1>assist you</1>, taking into account the nature of the processing, in responding to data-subject requests (clause 7) and in meeting your obligations on security, breach notification and data-protection impact assessments;
dpa.at-your-choice-delete-1hag	dpa	legal/safeguarding/security page	at your choice, <1>delete or return</1> Provider Personal Data at the end of the Service (clause 10); and
dpa.breach-response-procedures-fua4	dpa	legal/safeguarding/security page	Breach-response procedures.
dpa.categories-of-data-subjects-6eyk	dpa	legal/safeguarding/security page	<1>Categories of data subjects:</1> the Provider’s parents/carers, children, staff and contacts.
dpa.confidentiality-obligations-and-access-kjix	dpa	legal/safeguarding/security page	Confidentiality obligations and access-on-a-need basis for personnel;
dpa.data-processing-agreement-brand-3qyv	dpa	legal/safeguarding/security page	Data Processing Agreement — {brand}
dpa.draft-for-review-this-mto3	dpa	legal/safeguarding/security page	⚠️ <1>Draft for review.</1> This DPA is a working draft to be finalised and reviewed by a qualified data-protection adviser before launch. “<2>Processor</2>”, “<3>we</3>”, “<4>us</4>” mean <5>[operating company legal name — TBC]</5>. “<6>Controller</6>” / “<7>you</7>” means the Provider that accepted this DPA at sign-up.
dpa.duration-the-term-of-vgeu	dpa	legal/safeguarding/security page	<1>Duration:</1> the term of the Provider’s account plus the deletion window in clause 10.
dpa.each-party-s-liability-1pi8	dpa	legal/safeguarding/security page	Each party’s liability under or in connection with this DPA is subject to the exclusions and the <1>limitation of liability in the main <2>Terms of Service</2></1>, and this DPA is subject to those Terms.
dpa.email-delivery-provider-tbc-38m4	dpa	legal/safeguarding/security page	<1>[Email delivery provider — TBC]</1> — transactional and (where consented) marketing email.
dpa.encryption-of-data-in-yq9o	dpa	legal/safeguarding/security page	Encryption of data in transit (HTTPS/TLS) and at rest;
dpa.ensure-that-people-authorised-1h4c	dpa	legal/safeguarding/security page	ensure that people authorised to process it are under an appropriate duty of <1>confidentiality</1>;
dpa.google-cloud-firebase-hosting-1s9x	dpa	legal/safeguarding/security page	<1>Google Cloud / Firebase</1> — hosting, database, authentication (UK/EU regions).
dpa.hmrc-where-tax-free-1028	dpa	legal/safeguarding/security page	<1>HMRC</1> — where Tax-Free Childcare features are used, to reconcile funded payments.
dpa.hosting-on-reputable-cloud-lh2u	dpa	legal/safeguarding/security page	Hosting on reputable cloud infrastructure (Google Cloud / Firebase) holding recognised security certifications;
dpa.implement-the-technical-and-1gbn	dpa	legal/safeguarding/security page	implement the <1>technical and organisational security measures</1> in <2>Schedule 2</2> (Article 32 UK GDPR);
dpa.in-respect-of-the-1qoo	dpa	legal/safeguarding/security page	In respect of the personal data you submit to or manage through the Service about your parents, carers, children and staff (“<1>Provider Personal Data</1>”), <2>you are the Controller and we are the Processor</2>. Each party will comply with its obligations under applicable data-protection law. This DPA does not apply to data for which we are the controller (for example your account and billing data), which is covered by our <3>Privacy Policy</3>.
dpa.logging-and-monitoring-to-1jxa	dpa	legal/safeguarding/security page	Logging and monitoring to detect and respond to incidents;
dpa.make-available-the-information-1lv0	dpa	legal/safeguarding/security page	make available the information reasonably needed to demonstrate compliance and allow for <1>audits</1> (clause 11).
dpa.nature-purpose-hosting-storing-tw1y	dpa	legal/safeguarding/security page	<1>Nature & purpose:</1> hosting, storing, organising and processing personal data to operate bookings, registers, communications, finance, staff and related features.
dpa.on-termination-of-the-nnpw	dpa	legal/safeguarding/security page	On termination of the Service, we will, at your choice, delete or return Provider Personal Data and delete existing copies within a reasonable period, unless the law requires us to retain it. Provider Personal Data may be available for export for a reasonable window before deletion.
dpa.process-provider-personal-data-8cyy	dpa	legal/safeguarding/security page	process Provider Personal Data only as set out in clause 2;
dpa.questions-about-this-dpa-1ts7	dpa	legal/safeguarding/security page	Questions about this DPA? Contact <1>[data protection contact — TBC]</1> at <2>[email — TBC]</2>.
dpa.regular-backups-and-resilience-j1do	dpa	legal/safeguarding/security page	Regular backups and resilience measures;
dpa.respect-the-conditions-for-fyl9	dpa	legal/safeguarding/security page	respect the conditions for engaging <1>sub-processors</1> (clause 6);
dpa.role-based-least-privilege-bn9b	dpa	legal/safeguarding/security page	Role-based, least-privilege access controls and logical tenant isolation between Providers;
dpa.schedule-1-details-of-1rep	dpa	legal/safeguarding/security page	Schedule 1 — Details of processing
dpa.schedule-1-processing-1b24	dpa	legal/safeguarding/security page	Schedule 1 — Processing
dpa.schedule-2-security-15gg	dpa	legal/safeguarding/security page	Schedule 2 — Security
dpa.schedule-2-technical-organisational-hny3	dpa	legal/safeguarding/security page	Schedule 2 — Technical & organisational security measures
dpa.schedule-3-authorised-sub-1oph	dpa	legal/safeguarding/security page	Schedule 3 — Authorised sub-processors
dpa.schedule-3-sub-processors-13pc	dpa	legal/safeguarding/security page	Schedule 3 — Sub-processors
dpa.secure-authentication-passwords-stored-1tr0	dpa	legal/safeguarding/security page	Secure authentication; passwords stored only as salted hashes;
dpa.stripe-payment-processing-pci-x3gt	dpa	legal/safeguarding/security page	<1>Stripe</1> — payment processing (PCI-DSS certified; card data handled by Stripe).
dpa.subject-matter-provision-of-1dwv	dpa	legal/safeguarding/security page	<1>Subject matter:</1> provision of the {brand} platform to the Provider.
dpa.the-service-provides-tools-40b8	dpa	legal/safeguarding/security page	The Service provides tools to help you access, correct, export and delete Provider Personal Data. Taking into account the nature of the processing, we will assist you by appropriate measures, so far as possible, to respond to requests from data subjects exercising their rights. If a data subject contacts us directly about Provider Personal Data, we will refer them to you.
dpa.this-data-processing-agreement-hyl0	dpa	legal/safeguarding/security page	This Data Processing Agreement (“<1>DPA</1>”) forms part of the agreement between you (the Provider) and us, and sets out the terms on which we process personal data on your behalf under the UK GDPR (Article 28) and the Data Protection Act 2018.
dpa.this-dpa-takes-effect-ygrb	dpa	legal/safeguarding/security page	This DPA takes effect when you accept it (at sign-up or otherwise) and continues for as long as we process Provider Personal Data on your behalf.
dpa.types-of-personal-data-1m3d	dpa	legal/safeguarding/security page	<1>Types of personal data:</1> contact details of parents/carers; children’s names, dates of birth and attendance; special-category data where the Provider chooses to record it (allergies, medical needs, SEND, safeguarding notes); staff records; booking and payment metadata (card data is handled by Stripe, not stored by us).
dpa.version-2026-09-05-1hx7	dpa	legal/safeguarding/security page	Version 2026-09-05 · Draft
dpa.we-will-maintain-appropriate-1cmj	dpa	legal/safeguarding/security page	We will maintain appropriate technical and organisational measures to protect Provider Personal Data against unauthorised or unlawful processing and against accidental loss, destruction or damage, as described in <1>Schedule 2</1>. You are responsible for your own use of the Service, including keeping login credentials secure and configuring access for your staff appropriately.
dpa.we-will-make-available-3tm4	dpa	legal/safeguarding/security page	We will make available information reasonably necessary to demonstrate compliance with Article 28, and allow for and contribute to audits, including inspections, conducted by you or an auditor you mandate — on reasonable prior notice, no more than once per year (unless required by a regulator or following a breach), during business hours, subject to confidentiality and without unreasonably disrupting our operations or compromising other customers’ security.
dpa.we-will-not-transfer-mv6n	dpa	legal/safeguarding/security page	We will not transfer Provider Personal Data outside the UK/EEA except where an appropriate safeguard is in place (such as an adequacy decision or the ICO’s International Data Transfer Agreement / Standard Contractual Clauses), or where you instruct such a transfer.
dpa.we-will-notify-you-1jo3	dpa	legal/safeguarding/security page	We will notify you <1>without undue delay</1> after becoming aware of a personal-data breach affecting Provider Personal Data, and provide information reasonably available to help you meet your own notification obligations to the ICO and affected individuals.
dpa.we-will-onfd	dpa	legal/safeguarding/security page	We will:
dpa.we-will-process-provider-193f	dpa	legal/safeguarding/security page	We will process Provider Personal Data only on your documented instructions — which include your use of the Service’s features and the settings you choose — and as necessary to provide and support the Service, unless we are required to process it by law (in which case we will inform you, unless the law prohibits it). If we believe an instruction breaches data-protection law, we will tell you. The subject matter, duration, nature, purpose, data types and data subjects are described in <1>Schedule 1</1>.
dpa.you-give-general-authorisation-ohit	dpa	legal/safeguarding/security page	You give general authorisation for us to engage the sub-processors listed in <1>Schedule 3</1> to help deliver the Service. We impose data-protection obligations on each sub-processor that are no less protective than this DPA, and we remain responsible for their performance. We will give you reasonable notice of any intended addition or replacement of a sub-processor, and you may object on reasonable data-protection grounds.
dpa.you-warrant-that-you-pgjf	dpa	legal/safeguarding/security page	You warrant that: you have a valid lawful basis (and any necessary consents, including for children’s and special-category data) for the Provider Personal Data; your instructions to us are lawful; and you have provided the required privacy information to your data subjects. You are responsible for the accuracy, quality and legality of Provider Personal Data and the means by which you acquired it.
franchises.10-calculated-to-the-elz4	franchises	claim (price/compliance/security/safeguarding wording)	10% · calculated to the penny
franchises.10-of-revenue-1irf	franchises	claim (price/compliance/security/safeguarding wording)	10% of revenue
franchises.11-0k-16b0	franchises	claim (price/compliance/security/safeguarding wording)	£11.0k
franchises.12-9k-16b1	franchises	claim (price/compliance/security/safeguarding wording)	£12.9k
franchises.48-2k-166c	franchises	claim (price/compliance/security/safeguarding wording)	£48.2k
franchises.6-1k-1y5l	franchises	claim (price/compliance/security/safeguarding wording)	£6.1k
franchises.6-4k-1y5l	franchises	claim (price/compliance/security/safeguarding wording)	£6.4k
franchises.9-1k-1y5y	franchises	claim (price/compliance/security/safeguarding wording)	£9.1k
franchises.9-vs-aug-18qj	franchises	claim (price/compliance/security/safeguarding wording)	▲ 9% vs Aug
franchises.kickoffs-sports-1-128-aopt	franchises	claim (price/compliance/security/safeguarding wording)	<1/>Kickoffs Sports: £1,128 uncollected <2>View</2>
franchises.kickoffs-sports-revenue-down-1mii	franchises	claim (price/compliance/security/safeguarding wording)	<1/>Kickoffs Sports revenue down 41% vs the prior 30 days <2>View</2>
franchises.target-75-5lji	franchises	claim (price/compliance/security/safeguarding wording)	target 75%
freelancers.0-commission-all-yours-1ccz	freelancers	claim (price/compliance/security/safeguarding wording)	0% commission — all yours
freelancers.128-stripe-ukth	freelancers	claim (price/compliance/security/safeguarding wording)	£128 · Stripe
freelancers.2-consents-outstanding-5eu5	freelancers	claim (price/compliance/security/safeguarding wording)	2 consents outstanding
freelancers.bank-transfer-312-19u3	freelancers	claim (price/compliance/security/safeguarding wording)	Bank transfer — £312
freelancers.card-khan-family-96-m3yx	freelancers	claim (price/compliance/security/safeguarding wording)	Card · Khan family — £96
freelancers.chase-2-consents-u2z1	freelancers	claim (price/compliance/security/safeguarding wording)	Chase 2 consents
freelancers.plan-the-trip-collect-1r9d	freelancers	claim (price/compliance/security/safeguarding wording)	Plan the trip, collect consents from parents, take a headcount on the coach and back — nobody left behind.
freelancers.stay-legal-without-the-136t	freelancers	claim (price/compliance/security/safeguarding wording)	Stay legal without the mental maths.
freelancers.tax-free-childcare-480-sfbh	freelancers	claim (price/compliance/security/safeguarding wording)	Tax-Free Childcare — £480
freelancers.waitlists-reminders-refunds-and-ath7	freelancers	claim (price/compliance/security/safeguarding wording)	Waitlists, reminders, refunds and registers handle themselves while you're on the pitch.
g.0-commission-reconciled-for-3vim	g	claim (price/compliance/security/safeguarding wording)	0% commission, reconciled for you
g.1-1k-1y5s	g	claim (price/compliance/security/safeguarding wording)	£1.1k
g.1-2k-1y5s	g	claim (price/compliance/security/safeguarding wording)	£1.2k
g.1-4k-1y5s	g	claim (price/compliance/security/safeguarding wording)	£1.4k
g.1-5k-1y5s	g	claim (price/compliance/security/safeguarding wording)	£1.5k
g.1-9k-1y5s	g	claim (price/compliance/security/safeguarding wording)	£1.9k
g.12-4k-16b1	g	claim (price/compliance/security/safeguarding wording)	£12.4k
g.2-2k-1y5o	g	claim (price/compliance/security/safeguarding wording)	£2.2k
g.book-pay-28-1iry	g	claim (price/compliance/security/safeguarding wording)	Book & pay · £28
g.brand-your-brand-your-bb69	g	claim (price/compliance/security/safeguarding wording)	{brand} — your brand, your bank account, zero booking commission.
g.compliance-certs-127w	g	claim (price/compliance/security/safeguarding wording)	Compliance & certs
g.consent-on-12-new-118f	g	claim (price/compliance/security/safeguarding wording)	<1>Consent on</1>12 new from Sports Day
g.consents-5nfu	g	claim (price/compliance/security/safeguarding wording)	Consents
g.digital-consent-per-child-1yp0	g	claim (price/compliance/security/safeguarding wording)	Digital consent per child
g.direct-to-your-account-jg82	g	claim (price/compliance/security/safeguarding wording)	✓ Direct to your account · 0% commission
g.doyle-family-312-chase-1lh4	g	claim (price/compliance/security/safeguarding wording)	<1/>Doyle family · £312 <2>Chase</2>
g.easy-cancellations-deaq	g	claim (price/compliance/security/safeguarding wording)	Easy cancellations
g.everything-you-run-bookings-od0x	g	claim (price/compliance/security/safeguarding wording)	Everything you run — bookings, staff, finance, safeguarding and comms — in one login.
g.hmrc-tfc-fdju	g	claim (price/compliance/security/safeguarding wording)	HMRC · TFC
g.legal-3lxp	g	claim (price/compliance/security/safeguarding wording)	Legal
g.medication-consent-gnuu	g	claim (price/compliance/security/safeguarding wording)	Medication & consent
g.mon-fri-5-12-1434	g	claim (price/compliance/security/safeguarding wording)	Mon–Fri · 5–12 yrs · £30/day
g.off-site-with-every-19yy	g	claim (price/compliance/security/safeguarding wording)	Off-site with every consent in hand.
g.okafor-family-168-remind-vlmz	g	claim (price/compliance/security/safeguarding wording)	<1/>Okafor family · £168 <2>Remind</2>
g.on-the-day-safeguarding-z1je	g	claim (price/compliance/security/safeguarding wording)	On-the-day & safeguarding
g.outstanding-2-240-across-hhtb	g	claim (price/compliance/security/safeguarding wording)	Outstanding <1>· £2,240 across 9 families</1>
g.parents-cancel-within-the-itd0	g	claim (price/compliance/security/safeguarding wording)	Parents cancel within the rules you set; refunds go back to card or straight to their wallet credit — no awkward messages.
g.patel-family-144-remind-1p2w	g	claim (price/compliance/security/safeguarding wording)	<1/>Patel family · £144 <2>Remind</2>
g.privacy-data-protection-kx4v	g	claim (price/compliance/security/safeguarding wording)	Privacy & data protection
g.privacy-data-protection-ow0w	g	claim (price/compliance/security/safeguarding wording)	Privacy & Data Protection
g.refunds-lybs	g	claim (price/compliance/security/safeguarding wording)	Refunds
g.safeguarding-qigf	g	claim (price/compliance/security/safeguarding wording)	Safeguarding
g.the-finance-hub-exactly-84ne	g	claim (price/compliance/security/safeguarding wording)	The finance hub, exactly as it looks inside the platform. 0% commission, payouts to your own Stripe, funding reconciled — you keep every penny beyond the card fee.
g.the-operating-system-for-1gok	g	claim (price/compliance/security/safeguarding wording)	The operating system for camps, clubs, sports, wraparound & childcare providers. Your brand, your bank account, zero booking commission.
g.top-up-save-5-ev2c	g	claim (price/compliance/security/safeguarding wording)	Top up & save 5%
g.you-ve-earned-10-1g22	g	claim (price/compliance/security/safeguarding wording)	You’ve earned £10 credit
g.you-ve-earned-10-yebh	g	claim (price/compliance/security/safeguarding wording)	You've earned £10 credit
js.legal-notice	js	binding-English notice	Translation notice: this page has been translated for your convenience only. The English version is the legally binding version and prevails if there is any difference between the two.
js.legal-notice-link	js	binding-English notice	Read the English version
js.pricing-notice	js	binding-English notice	Translation notice: this page has been translated for your convenience. The English version is the authoritative version of our prices and plan terms and prevails if there is any difference.
parents.10-credit-earned-a-h3cz	parents	claim (price/compliance/security/safeguarding wording)	£10 credit earned<1>A friend joined your club</1>
parents.10-off-2r12	parents	claim (price/compliance/security/safeguarding wording)	10% off
parents.15-mo-1lls	parents	claim (price/compliance/security/safeguarding wording)	£15<1>/mo</1>
parents.2-free-for-every-12om	parents	claim (price/compliance/security/safeguarding wording)	£2 free for every £8
parents.20-credit-10-off-13xn	parents	claim (price/compliance/security/safeguarding wording)	£20 credit · 10% off
parents.30-mo-1lst	parents	claim (price/compliance/security/safeguarding wording)	£30<1>/mo</1>
parents.45-credit-15-off-17ke	parents	claim (price/compliance/security/safeguarding wording)	£45 credit · 15% off
parents.allergies-medication-consent-and-fne4	parents	claim (price/compliance/security/safeguarding wording)	Allergies, medication, consent and what happened on the day — recorded once, kept current, and in front of the staff who need it.
parents.ask-from-your-account-juqz	parents	claim (price/compliance/security/safeguarding wording)	Ask from your account, or contact your provider directly — they’re the data controller. Some records, such as accident and safeguarding logs, must legally be retained for a period; everything else can go.
parents.balance-0-00-receipt-u9lk	parents	claim (price/compliance/security/safeguarding wording)	Balance £0.00 · receipt in your account
parents.cancellations-goodwill-and-referral-1dhn	parents	claim (price/compliance/security/safeguarding wording)	Cancellations, goodwill and referral rewards land as credit in your wallet — and come off the total automatically at checkout.
parents.change-tier-or-cancel-1trt	parents	claim (price/compliance/security/safeguarding wording)	<1/>Change tier or cancel from your account — unused wallet credit stays yours to spend.
parents.every-session-you-ve-1lw5	parents	claim (price/compliance/security/safeguarding wording)	Every session you’ve booked, for every child, in one view. Amend or cancel within your provider’s rules — and join a waitlist that moves you up automatically.
parents.fri-19-sept-consent-fl0t	parents	claim (price/compliance/security/safeguarding wording)	Fri 19 Sept · consent needed
parents.how-do-refunds-and-9tq6	parents	claim (price/compliance/security/safeguarding wording)	How do refunds and cancellations work?
parents.member-discount-10-14cj	parents	claim (price/compliance/security/safeguarding wording)	Member discount · 10%
parents.minus-13-50-1wl7	parents	claim (price/compliance/security/safeguarding wording)	−£13.50
parents.minus-20-00-1wlx	parents	claim (price/compliance/security/safeguarding wording)	−£20.00
parents.off-site-trip-coming-1dgw	parents	claim (price/compliance/security/safeguarding wording)	Off-site trip coming up? Read the details and give consent with a tap. No printing, no signing, no digging it out of the bag on Friday morning.
parents.only-the-staff-who-19px	parents	claim (price/compliance/security/safeguarding wording)	<1>Only the staff who need it.</1> Medical and safeguarding information is shown to the people running your child’s session — not to everyone with a login.
parents.overpaid-or-the-session-15ot	parents	claim (price/compliance/security/safeguarding wording)	<1/>Overpaid, or the session was cancelled? The difference goes to your wallet, not into thin air.
parents.photos-and-little-updates-1yd6	parents	claim (price/compliance/security/safeguarding wording)	Photos and little updates from the session — your child at the top of the climbing wall, not a stock image. Shared privately with you, and only with your consent.
parents.photos-are-consent-first-1bkq	parents	claim (price/compliance/security/safeguarding wording)	<1>Photos are consent-first.</1> If you say no to photography, your child is excluded from Moments — and staff see that flag before they take the shot.
parents.thursday-was-cancelled-for-bugq	parents	claim (price/compliance/security/safeguarding wording)	Thursday was cancelled for weather, so the credit is already in your wallet — ready to come off the next booking. Nobody had to be chased.
parents.trips-consent-forms-1q7g	parents	claim (price/compliance/security/safeguarding wording)	Trips & consent forms
parents.turn-photo-consent-off-3550	parents	claim (price/compliance/security/safeguarding wording)	Turn photo consent off in your child’s profile. They’re then excluded from Moments and staff see the flag before anything is taken or posted.
parents.uk-data-protection-data-1ex8	parents	claim (price/compliance/security/safeguarding wording)	<1>UK data protection.</1> Data is held in line with UK GDPR, encrypted in transit and at rest, with our security and processing terms published in full.
parents.when-s-noah-s-1m1b	parents	claim (price/compliance/security/safeguarding wording)	“When’s Noah’s next session?” · “What did I pay in July?” · “What’s the cancellation policy?” Ask in plain English and get a straight answer.
parents.you-send-120-13nq	parents	claim (price/compliance/security/safeguarding wording)	You send £120
parents.your-provider-sets-the-133u	parents	claim (price/compliance/security/safeguarding wording)	Your provider sets the policy and it’s shown before you pay. Where a refund or credit is due, it’s issued to your wallet or back to your card — and you can see exactly what was returned and when.
platform-bookings.easy-cancellations-refunds-11hd	platform-bookings	claim (price/compliance/security/safeguarding wording)	Easy cancellations & refunds
platform-bookings.mon-fri-4-11-1mm3	platform-bookings	claim (price/compliance/security/safeguarding wording)	Mon–Fri · 4–11 yrs · £28/day
platform-bookings.parents-cancel-within-your-17wt	platform-bookings	claim (price/compliance/security/safeguarding wording)	Parents cancel within your rules and refunds go back to card or straight to wallet credit — no awkward back-and-forth.
platform-bookings.sold-out-reminded-refunded-lpsp	platform-bookings	claim (price/compliance/security/safeguarding wording)	Sold out, reminded, refunded — automatically.
platform-bookings.tuesdays-5-9-yrs-162d	platform-bookings	claim (price/compliance/security/safeguarding wording)	Tuesdays · 5–9 yrs · £60/block
platform-bookings.weekly-7-12-yrs-xjp1	platform-bookings	claim (price/compliance/security/safeguarding wording)	Weekly · 7–12 yrs · £32/mo
platform-comms.consent-aware-n39i	platform-comms	claim (price/compliance/security/safeguarding wording)	Consent-aware
platform-finance.0-booking-commission-1wfh	platform-finance	claim (price/compliance/security/safeguarding wording)	0% booking commission
platform-finance.0-commission-money-straight-73bo	platform-finance	claim (price/compliance/security/safeguarding wording)	0% commission, money straight to your bank, reconciled for you — not chased. The finance side of your business, joined up.
platform-finance.1-180-outstanding-11q5	platform-finance	claim (price/compliance/security/safeguarding wording)	£1,180 outstanding
platform-finance.1-oct-2-140-1tng	platform-finance	claim (price/compliance/security/safeguarding wording)	1 Oct · £2,140
platform-finance.3-346-00-received-6w2f	platform-finance	claim (price/compliance/security/safeguarding wording)	£3,346.00 received · 1 needs review
platform-finance.hmrc-adds-20-up-12ga	platform-finance	claim (price/compliance/security/safeguarding wording)	<1>HMRC adds 20%</1> — up to £500 per quarter, per child
platform-finance.hmrc-batch-0908-tfj6	platform-finance	claim (price/compliance/security/safeguarding wording)	<1>HMRC-BATCH-0908</1>
platform-finance.hmrc-pays-by-bacs-73sp	platform-finance	claim (price/compliance/security/safeguarding wording)	HMRC pays by BACS with a short reference, often batched across several families, and the amount rarely equals your invoice. {brand} matches every payment to the right child and booking, marks the invoice, and shows you only what genuinely needs a human.
platform-finance.hmrc-tfc-icup	platform-finance	claim (price/compliance/security/safeguarding wording)	HMRC / TFC
platform-finance.income-funding-invoices-expenses-x1ad	platform-finance	claim (price/compliance/security/safeguarding wording)	Income, funding, invoices, expenses and refunds — captured, matched and recorded as you go, so the books stay straight.
platform-finance.live-dashboards-real-payouts-1i5z	platform-finance	claim (price/compliance/security/safeguarding wording)	Live dashboards, real payouts to your own Stripe, 0% booking commission and a clean export into your accounts package.
platform-finance.part-payment-80-of-1yhs	platform-finance	claim (price/compliance/security/safeguarding wording)	Part payment · £80 of £160
platform-finance.refunds-computed-recorded-ddt5	platform-finance	claim (price/compliance/security/safeguarding wording)	Refunds computed & recorded
platform-finance.refunds-worked-out-to-1gu2	platform-finance	claim (price/compliance/security/safeguarding wording)	Refunds worked out to the penny and written back to the ledger.
platform-safeguarding.08-56-by-charlotte-1jzg	platform-safeguarding	safeguarding product claims	08:56 · by Charlotte D.
platform-safeguarding.2-due-1xbi	platform-safeguarding	safeguarding product claims	2 due
platform-safeguarding.2-not-arrived-1sw7	platform-safeguarding	safeguarding product claims	2 not arrived
platform-safeguarding.accidents-concerns-medication-ratios-59tw	platform-safeguarding	safeguarding product claims	Accidents, concerns, medication, ratios and staff clearance — each logged in seconds, timestamped, and produced on demand when someone asks you to prove it.
platform-safeguarding.active-1530	platform-safeguarding	safeguarding product claims	Active
platform-safeguarding.administration-logged-jess-p-1p96	platform-safeguarding	safeguarding product claims	Administration logged · Jess P., witnessed by Dan Reed
platform-safeguarding.age-3765	platform-safeguarding	safeguarding product claims	Age
platform-safeguarding.allergies-medical-needs-and-lsa4	platform-safeguarding	safeguarding product claims	Allergies, medical needs and consent surface where staff need them — on the register.
platform-safeguarding.allergy-medical-send-flags-1llq	platform-safeguarding	safeguarding product claims	Allergy, medical & SEND flags
platform-safeguarding.amara-cole-5ml-15-198n	platform-safeguarding	safeguarding product claims	Amara Cole · 5ml · 15:00
platform-safeguarding.archived-1pag	platform-safeguarding	safeguarding product claims	Archived
platform-safeguarding.assign-policies-to-staff-1715	platform-safeguarding	safeguarding product claims	Assign policies to staff and see who’s read and confirmed each one — evidence at a glance.
platform-safeguarding.attach-a-risk-assessment-1t9c	platform-safeguarding	safeguarding product claims	Attach a risk assessment and collect parent consent per child before you set off.
platform-safeguarding.behaviour-concern-12-sept-vd9e	platform-safeguarding	safeguarding product claims	Behaviour concern · 12 Sept
platform-safeguarding.book-a-demo-and-bptr	platform-safeguarding	safeguarding product claims	Book a demo and we’ll walk you through it.
platform-safeguarding.child-3ioe	platform-safeguarding	safeguarding product claims	Child
platform-safeguarding.child-when-ur9m	platform-safeguarding	safeguarding product claims	Child & when
platform-safeguarding.chronology-linked-to-2-jbsy	platform-safeguarding	safeguarding product claims	<1/> Chronology linked to 2 earlier entries
platform-safeguarding.collection-pin-required-1l8y	platform-safeguarding	safeguarding product claims	Collection PIN required
platform-safeguarding.confirm-collections-with-a-11xx	platform-safeguarding	safeguarding product claims	Confirm collections with a PIN and log exactly who picked each child up, and when.
platform-safeguarding.count-children-out-and-4yp5	platform-safeguarding	safeguarding product claims	Count children out and back in, so nobody is ever unaccounted for on a trip.
platform-safeguarding.critical-flags-sit-on-147i	platform-safeguarding	safeguarding product claims	Critical flags sit on every register, so the child’s needs are visible to whoever is on the floor.
platform-safeguarding.dbs-certificate-tracking-ncjn	platform-safeguarding	safeguarding product claims	DBS & certificate tracking
platform-safeguarding.documents-policies-library-1yg7	platform-safeguarding	safeguarding product claims	Documents & policies library
platform-safeguarding.dsl-notified-read-receipt-1pte	platform-safeguarding	safeguarding product claims	<1/> DSL notified — read receipt
platform-safeguarding.due-15-00-lnz3	platform-safeguarding	safeguarding product claims	Due 15:00
platform-safeguarding.each-child-s-photo-n9ea	platform-safeguarding	safeguarding product claims	Each child’s photo-consent choice is carried through, so you never share what you shouldn’t.
platform-safeguarding.epipen-jr-1v9k	platform-safeguarding	safeguarding product claims	EpiPen Jr
platform-safeguarding.every-child-accounted-for-1ba5	platform-safeguarding	safeguarding product claims	Every child accounted for.
platform-safeguarding.every-record-where-it-y5it	platform-safeguarding	safeguarding product claims	Every record, where it belongs.
platform-safeguarding.everything-in-one-place-1sl4	platform-safeguarding	safeguarding product claims	Everything in one place
platform-safeguarding.evidence-at-inspection-fuv2	platform-safeguarding	safeguarding product claims	Evidence at inspection
platform-safeguarding.expiry-checked-03-2027-p1b5	platform-safeguarding	safeguarding product claims	Expiry checked 03/2027
platform-safeguarding.export-for-lado-9nes	platform-safeguarding	safeguarding product claims	Export for LADO
platform-safeguarding.falcons-1lcm	platform-safeguarding	safeguarding product claims	<1/>Falcons
platform-safeguarding.foxes-1qqe	platform-safeguarding	safeguarding product claims	<1/>Foxes
platform-safeguarding.given-12-30-1pc7	platform-safeguarding	safeguarding product claims	Given 12:30
platform-safeguarding.grazed-knee-left-1n09	platform-safeguarding	safeguarding product claims	Grazed knee · left
platform-safeguarding.group-3fwy	platform-safeguarding	safeguarding product claims	Group
platform-safeguarding.in-3hn9	platform-safeguarding	safeguarding product claims	In
platform-safeguarding.injury-1a1k	platform-safeguarding	safeguarding product claims	Injury
platform-safeguarding.inside-the-portal-hedq	platform-safeguarding	safeguarding product claims	Inside the portal
platform-safeguarding.keep-your-policies-and-1wjy	platform-safeguarding	safeguarding product claims	Keep your policies and risk assessments versioned and current in one shared library.
platform-safeguarding.log-first-aid-step-ak47	platform-safeguarding	safeguarding product claims	<1/>Log first aid<2>Step 3 of 3</2>
platform-safeguarding.log-incidents-accidents-fy7d	platform-safeguarding	safeguarding product claims	Log incidents & accidents
platform-safeguarding.logged-by-aisha-r-6ing	platform-safeguarding	safeguarding product claims	<1/> Logged by Aisha R. · coach
platform-safeguarding.mark-arrivals-and-departures-6mjs	platform-safeguarding	safeguarding product claims	Mark arrivals and departures straight from your phone — no clipboard, no paper register to lose.
platform-safeguarding.medication-doses-today-3-1e27	platform-safeguarding	safeguarding product claims	<1/>Medication<2>Doses today · 3</2>
platform-safeguarding.medication-logs-mar-j2lx	platform-safeguarding	safeguarding product claims	Medication logs (MAR)
platform-safeguarding.mia-doyle-11-20-qf53	platform-safeguarding	safeguarding product claims	Mia Doyle · 11:20
platform-safeguarding.mia-doyle-emergency-only-1y94	platform-safeguarding	safeguarding product claims	Mia Doyle · emergency only
platform-safeguarding.minor-3h04	platform-safeguarding	safeguarding product claims	Minor
platform-safeguarding.move-staff-12vu	platform-safeguarding	safeguarding product claims	Move staff
platform-safeguarding.needs-consent-1yqz	platform-safeguarding	safeguarding product claims	Needs consent
platform-safeguarding.no-message-from-home-nygw	platform-safeguarding	safeguarding product claims	No message from home
platform-safeguarding.noah-bennett-2-puffs-189l	platform-safeguarding	safeguarding product claims	Noah Bennett · 2 puffs · as required
platform-safeguarding.not-reportable-wglo	platform-safeguarding	safeguarding product claims	Not reportable
platform-safeguarding.now-376c	platform-safeguarding	safeguarding product claims	Now
platform-safeguarding.nuts-yjpw	platform-safeguarding	safeguarding product claims	Nuts
platform-safeguarding.off-site-compliance-1ut5	platform-safeguarding	safeguarding product claims	Off-site & compliance
platform-safeguarding.off-site-under-control-12ac	platform-safeguarding	safeguarding product claims	Off-site, under control.
platform-safeguarding.on-the-day-safeguarding-tgf0	platform-safeguarding	safeguarding product claims	On-the-day & safeguarding — {brand}
platform-safeguarding.open-awaiting-dsl-decision-1iqa	platform-safeguarding	safeguarding product claims	<1>Open</1> Awaiting DSL decision
platform-safeguarding.organise-off-site-trips-10ox	platform-safeguarding	safeguarding product claims	Organise off-site trips from planning to return, with everything you need in one place.
platform-safeguarding.owls-1-coach-short-1l4k	platform-safeguarding	safeguarding product claims	Owls · 1 coach short
platform-safeguarding.owls-1wxd	platform-safeguarding	safeguarding product claims	<1/>Owls
platform-safeguarding.parent-must-be-informed-1qfn	platform-safeguarding	safeguarding product claims	Parent must be informed before collection. Notified 11:26 — signature captured.
platform-safeguarding.photo-consent-respected-58f2	platform-safeguarding	safeguarding product claims	Photo-consent respected
platform-safeguarding.piriton-10mg-1jkb	platform-safeguarding	safeguarding product claims	Piriton 10mg
platform-safeguarding.plan-trips-end-to-1dra	platform-safeguarding	safeguarding product claims	Plan trips end to end and keep the paperwork tidy for the moment an inspector asks.
platform-safeguarding.present-absent-awaiting-1j0i	platform-safeguarding	safeguarding product claims	Present, absent & awaiting
platform-safeguarding.pull-up-registers-ratios-1vvu	platform-safeguarding	safeguarding product claims	Pull up registers, ratios, logs and policies quickly when it’s time to show your working.
platform-safeguarding.ratios-today-all-met-3lyv	platform-safeguarding	safeguarding product claims	<1/>Ratios · today<2>All met</2>
platform-safeguarding.read-and-confirm-policies-tdwb	platform-safeguarding	safeguarding product claims	Read-and-confirm policies
platform-safeguarding.record-medication-given-against-ui4x	platform-safeguarding	safeguarding product claims	Record medication given against a MAR chart, with the parent notified automatically.
platform-safeguarding.record-what-happened-when-841o	platform-safeguarding	safeguarding product claims	Record what happened, when and who was involved — a clear, timestamped safeguarding trail.
platform-safeguarding.ref-sc-0912-12yf	platform-safeguarding	safeguarding product claims	Ref SC-0912
platform-safeguarding.register-riverside-live-1pyi	platform-safeguarding	safeguarding product claims	<1/>Register · Riverside<2>Live</2>
platform-safeguarding.registers-ratios-15i2	platform-safeguarding	safeguarding product claims	Registers & ratios
platform-safeguarding.registers-ratios-and-safeguarding-te0m	platform-safeguarding	safeguarding product claims	Registers, ratios and safeguarding — all on your phone, as the day happens, and inspection-ready when it matters.
platform-safeguarding.registers-safeguarding-and-compliance-uen3	platform-safeguarding	safeguarding product claims	Registers, safeguarding and compliance all live together — no scattered spreadsheets.
platform-safeguarding.restricted-audit-trail-on-rhvp	platform-safeguarding	safeguarding product claims	Restricted · audit trail on
platform-safeguarding.riddor-check-f2eo	platform-safeguarding	safeguarding product claims	RIDDOR check
platform-safeguarding.risk-assessment-consent-4dxc	platform-safeguarding	safeguarding product claims	Risk assessment & consent
platform-safeguarding.run-the-day-safely-qw0z	platform-safeguarding	safeguarding product claims	Run the day safely.
platform-safeguarding.run-the-same-register-19dt	platform-safeguarding	safeguarding product claims	Run the same register on any device, at any venue, across all of your sites.
platform-safeguarding.safeguarding-built-in-1y88	platform-safeguarding	safeguarding product claims	Safeguarding, built in
platform-safeguarding.safeguarding-concern-dsl-only-wwne	platform-safeguarding	safeguarding product claims	<1/>Safeguarding concern<2>DSL only</2>
platform-safeguarding.safeguarding-you-can-prove-hs78	platform-safeguarding	safeguarding product claims	Safeguarding you can prove.
platform-safeguarding.salbutamol-inhaler-ahzf	platform-safeguarding	safeguarding product claims	Salbutamol inhaler
platform-safeguarding.see-the-whole-session-1lje	platform-safeguarding	safeguarding product claims	See the whole session at a glance — who’s in, who’s absent and who you’re still expecting.
platform-safeguarding.see-which-staff-member-qe9z	platform-safeguarding	safeguarding product claims	See which staff member covers each group so you always know who’s responsible for whom.
platform-safeguarding.send-3pxy	platform-safeguarding	safeguarding product claims	<1>SEND</1>
platform-safeguarding.severity-6ngb	platform-safeguarding	safeguarding product claims	Severity
platform-safeguarding.severity-parent-1ht4	platform-safeguarding	safeguarding product claims	Severity & parent
platform-safeguarding.sign-children-in-out-wicm	platform-safeguarding	safeguarding product claims	Sign children in & out
platform-safeguarding.sign-in-1hce	platform-safeguarding	safeguarding product claims	Sign in
platform-safeguarding.sign-in-mark-present-lg2n	platform-safeguarding	safeguarding product claims	Sign in, mark present and watch your ratios — from wherever you’re standing.
platform-safeguarding.signed-in-1m97	platform-safeguarding	safeguarding product claims	Signed in
platform-safeguarding.squirrels-1ced	platform-safeguarding	safeguarding product claims	<1/>Squirrels
platform-safeguarding.target-1h65	platform-safeguarding	safeguarding product claims	Target
platform-safeguarding.the-right-information-front-1mxm	platform-safeguarding	safeguarding product claims	The right information, front and centre.
platform-safeguarding.track-dbs-checks-and-cucs	platform-safeguarding	safeguarding product claims	Track DBS checks and certificates with expiry reminders before anything lapses.
platform-safeguarding.trips-plan-end-to-7owm	platform-safeguarding	safeguarding product claims	Trips — plan end to end
platform-safeguarding.what-happened-1rfi	platform-safeguarding	safeguarding product claims	What happened
platform-safeguarding.works-across-every-site-4s3n	platform-safeguarding	safeguarding product claims	Works across every site
platform-safeguarding.your-staff-to-child-rxv8	platform-safeguarding	safeguarding product claims	Your staff-to-child ratio updates in real time, with an amber warning before you breach.
platform-staff.100-0-hrs-est-xbx2	platform-staff	claim (price/compliance/security/safeguarding wording)	100.0 hrs · est. £1,310 wages · 5 staff
platform-staff.a-built-in-learning-vkwg	platform-staff	claim (price/compliance/security/safeguarding wording)	A built-in Learning Centre with CPD-certified courses written for camps, clubs and childcare — safeguarding, paediatric first aid, food hygiene, SEND and more. Assign what each role must hold, and every completion files itself against the staff record.
platform-staff.assign-training-track-completions-mznc	platform-staff	claim (price/compliance/security/safeguarding wording)	Assign training, track completions and store certificates in one place.
platform-staff.certificates-j608	platform-staff	claim (price/compliance/security/safeguarding wording)	Certificates
platform-staff.certificates-on-the-staff-ez69	platform-staff	claim (price/compliance/security/safeguarding wording)	Certificates on the staff record
platform-staff.cpd-certified-1-hr-18e1	platform-staff	claim (price/compliance/security/safeguarding wording)	CPD certified · 1 hr 10 · expires 12 Nov · leads & first aiders
platform-staff.cpd-certified-35-min-19s7	platform-staff	claim (price/compliance/security/safeguarding wording)	CPD certified · 35 min · not started · anyone serving food
platform-staff.cpd-certified-45-min-oq15	platform-staff	claim (price/compliance/security/safeguarding wording)	CPD certified · 45 min · renews yearly · all roles
platform-staff.cpd-certified-50-min-pr7k	platform-staff	claim (price/compliance/security/safeguarding wording)	CPD certified · 50 min · optional · recommended for leads
platform-staff.cpd-certified-courses-written-jt1a	platform-staff	claim (price/compliance/security/safeguarding wording)	CPD-certified courses, written for this sector
platform-staff.dbs-tracking-expiry-reminders-1w2b	platform-staff	claim (price/compliance/security/safeguarding wording)	DBS tracking & expiry reminders
platform-staff.hire-safely-rota-fairly-icmq	platform-staff	claim (price/compliance/security/safeguarding wording)	Hire safely, rota fairly and pay accurately — HMRC-ready, with staff training built in. One place for everyone who works for you.
platform-staff.learning-centre-cpd-courses-idcx	platform-staff	claim (price/compliance/security/safeguarding wording)	Learning Centre — CPD courses & certificates
platform-staff.monthly-pay-run-with-y4yh	platform-staff	claim (price/compliance/security/safeguarding wording)	Monthly pay run with estimated PAYE, NI & pension
platform-staff.ofsted-ready-3w8y	platform-staff	claim (price/compliance/security/safeguarding wording)	Ofsted-ready
platform-staff.onboard-people-properly-keep-1uvd	platform-staff	claim (price/compliance/security/safeguarding wording)	Onboard people properly, keep DBS in date, track holiday, run appraisals and build skills — all in one record per person.
platform-staff.one-compliance-view-who-1mhy	platform-staff	claim (price/compliance/security/safeguarding wording)	<1/>One compliance view: who’s trained, who’s overdue, who’s cleared to start
platform-staff.renewal-reminders-before-a-tppy	platform-staff	claim (price/compliance/security/safeguarding wording)	<1/>Renewal reminders before a certificate lapses
platform-staff.safeguarding-child-protection-y997	platform-staff	claim (price/compliance/security/safeguarding wording)	Safeguarding & child protection
platform-staff.team-compliance-1d1a	platform-staff	claim (price/compliance/security/safeguarding wording)	Team compliance
pricing.0-commission-money-to-v9j0	pricing	pricing copy	0% commission · money to your own bank
pricing.1-page-1quj	pricing	pricing copy	1 page
pricing.2-4-pages-47uu	pricing	pricing copy	2–4 pages
pricing.29-mo-167q	pricing	pricing copy	£29/mo
pricing.29-mo-1ule	pricing	pricing copy	£29<1>/mo</1>
pricing.290-yr-1c74	pricing	pricing copy	£290<1>/yr</1>
pricing.5-10-pages-j510	pricing	pricing copy	5–10 pages
pricing.83-mo-billed-yearly-1ba3	pricing	pricing copy	£83/mo billed yearly · 2 months free
pricing.99-mo-hq-10ue	pricing	pricing copy	£99<1>/mo HQ</1>
pricing.99-mo-hq-per-j6ad	pricing	pricing copy	£99/mo HQ + per site
pricing.990-yr-hq-t4yq	pricing	pricing copy	£990<1>/yr HQ</1>
pricing.a-99-mo-head-1isk	pricing	pricing copy	A £99/mo head-office base, plus a per-franchisee fee that gets cheaper as your network grows (£39 for the first five, £31 for the next ten, £25 after that). Your own head-office venues are included free.
pricing.a-flat-monthly-fee-u9f5	pricing	pricing copy	A flat monthly fee — never a cut of your bookings. Every payment lands in your own account, and you start with a free trial. Standard Stripe card fees apply on your own Stripe; we never take a slice.
pricing.a-full-site-build-16pu	pricing	pricing copy	A full site build
pricing.a-single-page-site-1shq	pricing	pricing copy	A single-page site
pricing.a-small-multi-page-zyya	pricing	pricing copy	A small multi-page site
pricing.add-on-website-design-1mti	pricing	pricing copy	<1>Add-on · Website design & maintenance</1><2>A branded site to match your storefront, kept up to date for you</2>
pricing.add-website-design-maintenance-qau8	pricing	pricing copy	Add website design & maintenance
pricing.also-need-a-website-zqo5	pricing	pricing copy	Also need a website? See the design & maintenance add-on →
pricing.annual-2-months-free-wm6u	pricing	pricing copy	Annual <1>2 months free</1>
pricing.anything-else-we-should-5js9	pricing	pricing copy	Anything else we should know?
pricing.ask-a-question-first-14yk	pricing	pricing copy	Ask a question first
pricing.billing-period-9mlk	pricing	pricing copy	Billing period
pricing.blocks-smart-listings-registers-wp5l	pricing	pricing copy	Blocks, smart listings & registers
pricing.branded-booking-page-card-imhd	pricing	pricing copy	Branded booking page & card checkout
pricing.branded-booking-page-storefront-1h7e	pricing	pricing copy	Branded booking page & storefront
pricing.breakfast-after-school-a2qb	pricing	pricing copy	Breakfast & after-school
pricing.business-name-165f	pricing	pricing copy	Business name
pricing.can-i-move-my-v7zg	pricing	pricing copy	Can I move my data across?
pricing.cancel-anytime-1y2m	pricing	pricing copy	Cancel anytime
pricing.cancel-the-add-on-11zd	pricing	pricing copy	Cancel the add-on any time
pricing.childminder-1dyr	pricing	pricing copy	Childminder
pricing.commission-on-bookings-1rh7	pricing	pricing copy	<1/> commission on bookings
pricing.company-school-1lil	pricing	pricing copy	Company & school
pricing.compare-plans-dxkm	pricing	pricing copy	Compare plans
pricing.correct-we-never-take-zcd9	pricing	pricing copy	Correct — we never take a percentage of your bookings. You pay a flat monthly fee and keep everything else. The only deduction is the standard <1>Stripe card fee</1> (~1.5% + 20p) on your <2>own</2> Stripe account — that goes to Stripe, not us.
pricing.discounts-referrals-memberships-1e4p	pricing	pricing copy	Discounts, referrals & memberships
pricing.do-you-already-have-12hs	pricing	pricing copy	Do you already have a website?
pricing.do-you-charge-per-z0wz	pricing	pricing copy	Do you charge per child?
pricing.don-t-have-a-1v96	pricing	pricing copy	<1>Don't have a domain?</1> Don't worry — we sort this for you at no extra cost, other than the cost of the domain itself.
pricing.every-plan-includes-0-1ui9	pricing	pricing copy	Every plan includes 0% commission and payments to your own bank. Higher tiers add the team & network tools.
pricing.everything-in-company-plus-1udu	pricing	pricing copy	Everything in Company, plus:
pricing.everything-in-freelancer-plus-mp7k	pricing	pricing copy	Everything in Freelancer, plus:
pricing.feature-q0z9	pricing	pricing copy	Feature
pricing.franchise-head-office-10uo	pricing	pricing copy	Franchise + Head office
pricing.franchise-hq-r4lt	pricing	pricing copy	Franchise + HQ
pricing.franchisors-head-offices-running-1lc0	pricing	pricing copy	Franchisors & head offices running a branded network — billed by how many franchisees you have.
pricing.free-trial-no-card-3737	pricing	pricing copy	Free trial, no card needed — on your own brand, money straight to your account.
pricing.free-trial-to-start-1u5i	pricing	pricing copy	Free trial to start
pricing.from-1bth	pricing	pricing copy	<1>From</1><2/>
pricing.from-41-mo-billed-etvu	pricing	pricing copy	From £41/mo billed yearly · 2 months free
pricing.from-49-mo-11rs	pricing	pricing copy	from £49/mo
pricing.from-49-mo-1qo2	pricing	pricing copy	From £49<1>/mo</1>
pricing.from-490-yr-kcbs	pricing	pricing copy	From £490<1>/yr</1>
pricing.holiday-camps-clubs-skad	pricing	pricing copy	Holiday camps & clubs
pricing.hosting-updates-and-uptime-vkla	pricing	pricing copy	Hosting, updates and uptime handled for you
pricing.how-does-franchise-pricing-gh3w	pricing	pricing copy	How does franchise pricing work?
pricing.hq-command-centre-network-1vj2	pricing	pricing copy	HQ command centre & network reporting
pricing.is-there-a-setup-1wjb	pricing	pricing copy	Is there a setup fee or contract?
pricing.is-there-really-no-kzwk	pricing	pricing copy	Is there really no commission?
pricing.just-24-mo-billed-1jgj	pricing	pricing copy	Just £24/mo billed yearly · 2 months free
pricing.learning-centre-recruitment-1noo	pricing	pricing copy	Learning Centre & recruitment
pricing.learning-centre-recruitment-onboarding-fzgb	pricing	pricing copy	Learning Centre, recruitment & onboarding
pricing.live-data-ai-copilot-147q	pricing	pricing copy	Live-data AI copilot
pricing.loading-available-times-11oc	pricing	pricing copy	<1>Loading available times…</1>
pricing.matches-your-brand-brand-dvbh	pricing	pricing copy	Matches your {brand} brand & booking flow
pricing.money-to-your-own-1oc7	pricing	pricing copy	Money to your own bank · Stripe
pricing.monthly-hvlt	pricing	pricing copy	Monthly
pricing.most-popular-1y4a	pricing	pricing copy	Most popular
pricing.multi-site-dashboard-team-2y28	pricing	pricing copy	Multi-site dashboard & team performance
pricing.multi-staff-camps-clubs-cv14	pricing	pricing copy	Multi-staff camps, clubs, nurseries and schools running their own wraparound — priced by team size, never by bookings.
pricing.multi-staff-dashboard-team-11ro	pricing	pricing copy	Multi-staff dashboard & team performance
pricing.no-3hna	pricing	pricing copy	No
pricing.no-freelancer-is-a-bh4e	pricing	pricing copy	No. Freelancer is a flat £29. Company is priced by <1>team size</1>, not by how many children or bookings you take. A busy summer never costs you more.
pricing.no-per-child-fees-2noh	pricing	pricing copy	No per-child fees
pricing.no-setup-fee-no-h412	pricing	pricing copy	No setup fee, no lock-in. It’s rolling monthly — cancel anytime. Start with a free trial, no card needed.
pricing.no-setup-fee-x07n	pricing	pricing copy	No setup fee
pricing.nursery-day-care-2937	pricing	pricing copy	Nursery / day care
pricing.one-flat-price-parents-jvv0	pricing	pricing copy	One flat price. Parents included.
pricing.one-off-build-priced-1mdt	pricing	pricing copy	One-off build, priced by page count
pricing.other-childcare-8dgr	pricing	pricing copy	Other childcare
pricing.parent-app-message-centre-2j0p	pricing	pricing copy	Parent app & message centre
pricing.paye-payroll-payslips-1mt9	pricing	pricing copy	PAYE payroll & payslips
pricing.payments-to-your-own-5x83	pricing	pricing copy	Payments to your own account, 0% commission
pricing.per-franchise-scoping-feature-1rji	pricing	pricing copy	Per-franchise scoping & feature control
pricing.per-franchisee-billed-yearly-12cd	pricing	pricing copy	+ per franchisee, billed yearly:<br>first 5 <1/> · next 10 <2/> · rest <3/><br>Your own head-office venues are free.
pricing.per-franchisee-cheaper-as-de2l	pricing	pricing copy	+ per franchisee, cheaper as you grow:<br>first 5 <1/> · next 10 <2/> · rest <3/><br>Your own head-office venues are free.
pricing.phone-number-v1nx	pricing	pricing copy	Phone number
pricing.pick-a-time-to-6usy	pricing	pricing copy	Pick a time to talk it through (next 7 days, UK time)
pricing.pre-school-playgroup-18lj	pricing	pricing copy	Pre-school / playgroup
pricing.price-3u3b	pricing	pricing copy	Price
pricing.pricing-brand-1nzd	pricing	pricing copy	Pricing — {brand}
pricing.priority-onboarding-support-1tf1	pricing	pricing copy	Priority onboarding & support
pricing.questions-dcuz	pricing	pricing copy	Questions
pricing.ratios-allergy-send-flags-do96	pricing	pricing copy	Ratios & allergy / SEND flags
pricing.registers-ratios-safeguarding-1lu5	pricing	pricing copy	Registers, ratios & safeguarding
pricing.roles-permissions-1dwk	pricing	pricing copy	Roles & permissions
pricing.roles-permissions-each-person-wte9	pricing	pricing copy	Roles & permissions — each person sees only their part
pricing.send-to-brand-yyuy	pricing	pricing copy	Send to {brand}
pricing.simple-ai-edit-bot-16vf	pricing	pricing copy	Simple AI edit bot — just describe the change
pricing.simple-pricing-k3yl	pricing	pricing copy	Simple pricing
pricing.solo-coaches-tutors-instructors-icyp	pricing	pricing copy	Solo coaches, tutors & instructors running their own show.
pricing.split-fees-royalty-collection-15mk	pricing	pricing copy	Split fees & royalty collection
pricing.sports-activity-classes-2d7t	pricing	pricing copy	Sports & activity classes
pricing.staff-scheduling-timesheets-clock-1xo0	pricing	pricing copy	Staff scheduling, timesheets & clock-in
pricing.staff-scheduling-timetable-payroll-1jh3	pricing	pricing copy	Staff scheduling, timetable & payroll
pricing.starter-10-staff-growth-1mu4	pricing	pricing copy	Starter · ≤10 staff <1/><br>Growth · 11–30 staff <2/><br>Scale · 31–75 staff <3/><br>76+ staff <4>£89 + £1/staff</4>
pricing.starter-10-staff-growth-yfz7	pricing	pricing copy	Starter · ≤10 staff <1/><br>Growth · 11–30 staff <2/><br>Scale · 31–75 staff <3/><br>76+ staff <4>£890 + £10/staff</4><br><5>2 months free vs monthly</5>
pricing.tax-free-childcare-reconciliation-13dc	pricing	pricing copy	Tax-Free Childcare & reconciliation
pricing.territories-split-fees-royalties-pnl2	pricing	pricing copy	Territories, split-fees & royalties
pricing.territory-mapping-overlap-warnings-12gv	pricing	pricing copy	Territory mapping & overlap warnings
pricing.the-bits-people-ask-kg3b	pricing	pricing copy	The bits people ask.
pricing.tuition-learning-s7px	pricing	pricing copy	Tuition & learning
pricing.unlimited-changes-after-launch-1pey	pricing	pricing copy	Unlimited changes after launch, included
pricing.we-design-and-build-1ba6	pricing	pricing copy	We design and build your public website to match your {brand} storefront — then keep it current for you. Once it's live, <1>changes are unlimited</1>: tell our built-in AI edit bot what you want changed, in plain English, and it updates the live site for you — no ticket, no developer, no waiting.
pricing.what-do-you-run-1878	pricing	pricing copy	What do you run? (tick all that apply)
pricing.what-s-in-each-1i2n	pricing	pricing copy	What’s in each plan.
pricing.white-label-per-franchisee-12ia	pricing	pricing copy	White-label per franchisee
pricing.yes-376p	pricing	pricing copy	Yes
pricing.yes-import-your-activities-18fq	pricing	pricing copy	Yes — import your activities and families, and run in parallel with your old tool until you’re ready. Most providers are live within days.
pricing.you-yourbusiness-co-uk-11hl	pricing	pricing copy	you@yourbusiness.co.uk
pricing.your-name-1cia	pricing	pricing copy	Your name
pricing.your-own-parent-app-17gz	pricing	pricing copy	Your own parent app & messaging
pricing.yourcurrentsite-co-uk-1t4d	pricing	pricing copy	yourcurrentsite.co.uk
privacy.1-who-we-are-1rvg	privacy	legal/safeguarding/security page	1. Who we are & scope
privacy.10-how-we-keep-lasc	privacy	legal/safeguarding/security page	10. How we keep data secure
privacy.10-security-qsuj	privacy	legal/safeguarding/security page	10. Security
privacy.11-data-breaches-ksvs	privacy	legal/safeguarding/security page	11. Data breaches
privacy.11-personal-data-breaches-n1rq	privacy	legal/safeguarding/security page	11. Personal data breaches
privacy.12-how-long-we-oi8r	privacy	legal/safeguarding/security page	12. How long we keep it (retention)
privacy.12-retention-1m9q	privacy	legal/safeguarding/security page	12. Retention
privacy.13-automated-decision-making-fzgx	privacy	legal/safeguarding/security page	13. Automated decision-making & profiling
privacy.13-automated-decisions-jzbt	privacy	legal/safeguarding/security page	13. Automated decisions
privacy.14-your-rights-1as8	privacy	legal/safeguarding/security page	14. Your rights
privacy.15-changes-poa7	privacy	legal/safeguarding/security page	15. Changes
privacy.15-changes-to-this-11z6	privacy	legal/safeguarding/security page	15. Changes to this policy
privacy.16-complaints-1bmk	privacy	legal/safeguarding/security page	16. Complaints
privacy.16-how-to-complain-9gcv	privacy	legal/safeguarding/security page	16. How to complain
privacy.17-contact-extra-help-1azs	privacy	legal/safeguarding/security page	17. Contact & extra help
privacy.17-contact-help-1wdv	privacy	legal/safeguarding/security page	17. Contact & help
privacy.2-controller-processor-roles-kf7t	privacy	legal/safeguarding/security page	2. Controller & processor roles
privacy.3-the-personal-data-gc5u	privacy	legal/safeguarding/security page	3. The personal data we collect & how
privacy.3-what-we-collect-16dg	privacy	legal/safeguarding/security page	3. What we collect & how
privacy.4-how-why-we-18fm	privacy	legal/safeguarding/security page	4. How & why we use it (lawful bases)
privacy.4-how-why-we-1ww0	privacy	legal/safeguarding/security page	4. How & why we use it
privacy.5-children-s-special-i03t	privacy	legal/safeguarding/security page	5. Children’s & special-category data
privacy.6-marketing-communications-3x9s	privacy	legal/safeguarding/security page	6. Marketing communications
privacy.6-marketing-y3cn	privacy	legal/safeguarding/security page	6. Marketing
privacy.7-cookies-bqec	privacy	legal/safeguarding/security page	7. Cookies
privacy.7-cookies-similar-technologies-1s83	privacy	legal/safeguarding/security page	7. Cookies & similar technologies
privacy.8-who-we-share-1etw	privacy	legal/safeguarding/security page	8. Who we share it with
privacy.8-who-we-share-1o73	privacy	legal/safeguarding/security page	8. Who we share with
privacy.a-buyer-or-successor-1ivt	privacy	legal/safeguarding/security page	<1>A buyer or successor</1> — in connection with a sale, merger or reorganisation of our business (subject to equivalent protection).
privacy.a-current-list-of-1dnn	privacy	legal/safeguarding/security page	A current list of sub-processors is kept in our <1>Data Processing Agreement</1>.
privacy.about-providers-website-visitors-zoak	privacy	legal/safeguarding/security page	<1>About providers & website visitors, we collect:</1>
privacy.access-controls-role-based-9d75	privacy	legal/safeguarding/security page	<1>Access controls</1> — role-based, least-privilege access, with <2>logical tenant isolation</2> so one provider cannot access another’s data;
privacy.account-login-username-and-11rz	privacy	legal/safeguarding/security page	<1>Account & login</1> — username and password (passwords are stored only as <2>salted hashes</2> by our authentication provider — we never see or store your plain password);
privacy.ai-features-the-service-1hhw	privacy	legal/safeguarding/security page	<1>AI features.</1> The Service includes AI-assisted features (such as an in-app co-pilot and help drafting messages), powered by a third-party AI provider (currently Groq). Text you submit to these features is sent to that provider only to generate a response, is not used to train third-party models, and you should review AI-generated output before relying on it.
privacy.ai-provider-currently-groq-1kpp	privacy	legal/safeguarding/security page	<1>AI provider</1> (currently Groq) — powers the in-app AI co-pilot and message-drafting features; text submitted to those features is processed to generate a response and is not used to train third-party models;
privacy.analytics-cookies-only-if-4fuv	privacy	legal/safeguarding/security page	<1>Analytics cookies</1> (only if used) — to understand how the site is used so we can improve it; where these are non-essential we ask for your consent first.
privacy.backups-resilience-regular-backups-1n8d	privacy	legal/safeguarding/security page	<1>Backups & resilience</1> — regular backups to guard against loss and support restoration;
privacy.backups-security-logs-routine-mg1a	privacy	legal/safeguarding/security page	<1>Backups & security logs</1> — routine backups are cycled and overwritten on a rolling basis (typically within <2>35 days</2>); logs are kept for a limited period for security monitoring.
privacy.bank-payout-details-where-1k1e	privacy	legal/safeguarding/security page	<1>Bank/payout details</1> where you enter them for your own payout configuration;
privacy.because-the-platform-is-10sp	privacy	legal/safeguarding/security page	Because the platform is used by activity and childcare providers, it may hold information about children and sensitive information such as allergies, medical needs, SEND and safeguarding records. We treat this data with particular care and apply additional safeguards around it. <1>Providers are responsible, as controllers, for having a valid lawful basis and the appropriate Article 9 condition and consents</1> for children’s and special-category data, and for issuing their own privacy notices to families. We provide the tools, access controls and security around that data and act strictly on the provider’s instructions.
privacy.brand-provides-software-that-h8xm	privacy	legal/safeguarding/security page	{brand} provides software that activity, sports, camp, club and childcare providers use to run bookings, registers, communications, staff and finance. This policy covers personal data we process about (a) <1>providers and prospective providers</1> who use, enquire about or visit the Service and this website, and (b) the <2>parents, carers, children and staff</2> whose information providers manage through the platform. It applies to our marketing website and the {brand} platform.
privacy.consent-for-optional-marketing-1bn1	privacy	legal/safeguarding/security page	<1>Consent</1> — for optional marketing and any non-essential cookies, which you can withdraw at any time.
privacy.contract-to-create-and-w8o1	privacy	legal/safeguarding/security page	<1>Contract</1> — to create and run your account, provide the Service, take payment and support you;
privacy.cookies-are-small-files-3p4l	privacy	legal/safeguarding/security page	Cookies are small files placed on your device. We use:
privacy.draft-for-review-this-rh9b	privacy	legal/safeguarding/security page	⚠️ <1>Draft for review.</1> This is a working draft; the operating company’s registered details are to be confirmed and it should be reviewed by a qualified data-protection adviser or solicitor before launch. “<2>{brand}</2>”, “<3>we</3>”, “<4>us</4>”, “<5>our</5>” mean <6>[operating company legal name — TBC]</6>, registered in England & Wales (company no. <7>[TBC]</7>), registered office <8>[address — TBC]</8>, ICO registration no. <9>[TBC]</9>.
privacy.email-delivery-provider-tbc-iwsc	privacy	legal/safeguarding/security page	<1>[Email delivery provider — TBC]</1> — to send transactional and (where consented) marketing email;
privacy.encryption-at-rest-data-17am	privacy	legal/safeguarding/security page	<1>Encryption at rest</1> — data is stored on infrastructure that encrypts data at rest;
privacy.encryption-in-transit-all-1qt9	privacy	legal/safeguarding/security page	<1>Encryption in transit</1> — all traffic is served over HTTPS/TLS;
privacy.end-user-data-a-10pl	privacy	legal/safeguarding/security page	<1>End-User data a provider enters into the platform</1> (parents, children and staff — bookings, attendance, allergies, safeguarding, payroll) — <2>the provider is the controller and we are their processor</2>, acting only on their documented instructions to deliver the Service. This is governed by our <3>Data Processing Agreement</3><4>Safeguarding</4>.
privacy.enquiry-support-messages-demo-dp4u	privacy	legal/safeguarding/security page	<1>Enquiry & support</1> — messages, demo requests and support correspondence;
privacy.financial-transaction-records-invoices-18zv	privacy	legal/safeguarding/security page	<1>Financial & transaction records</1> (invoices, payment metadata) — retained for <2>6 years</2> after the relevant tax year, to meet UK accounting and HMRC requirements.
privacy.for-any-privacy-or-12m7	privacy	legal/safeguarding/security page	For any privacy or data-protection matter, contact <1>[data protection contact / DPO — TBC]</1> at <2>[email — TBC]</2>, <3>[operating company — TBC]</3>, <4>[registered address — TBC]</4>.
privacy.functional-preference-cookies-to-11sa	privacy	legal/safeguarding/security page	<1>Functional/preference cookies</1> — to remember choices such as language or a collapsed panel.
privacy.google-cloud-firebase-secure-2omz	privacy	legal/safeguarding/security page	<1>Google Cloud / Firebase</1> — secure hosting, database and authentication (UK/EU regions);
privacy.hmrc-where-tax-free-1028	privacy	legal/safeguarding/security page	<1>HMRC</1> — where Tax-Free Childcare features are used, to reconcile funded payments;
privacy.how-we-collect-it-1dbx	privacy	legal/safeguarding/security page	<1>How we collect it.</1> We collect data (a) <2>directly from you</2> when you enquire, book a demo, create an account, subscribe or contact us; (b) <3>from providers</3>, who enter their End-Users’ data into the platform; (c) <4>automatically</4> as you use the website/platform (via cookies and similar technologies — see section 7); and (d) occasionally <5>from third parties</5> such as our payment processor or a referral.
privacy.identity-contact-name-business-xrqv	privacy	legal/safeguarding/security page	<1>Identity & contact</1> — name, business name, role, email, phone, business address/postcode;
privacy.if-you-are-a-67ab	privacy	legal/safeguarding/security page	If you are a parent, carer or member of staff and want to exercise your rights over data held by a provider, please contact that provider (the controller) first; we will support them in responding.
privacy.if-you-have-a-10wa	privacy	legal/safeguarding/security page	If you have a concern about how we handle your data, please contact us first and we will try to resolve it. You also have the right to complain to the UK regulator, the <1>Information Commissioner’s Office (ICO)</1> — ico.org.uk, helpline 0303 123 1113. We would appreciate the chance to address your concern before you approach the ICO.
privacy.if-you-need-this-1vdf	privacy	legal/safeguarding/security page	If you need this policy in a different format (for example large print or plain text) to help you access it, let us know and we will do our best to help.
privacy.legal-obligation-to-meet-1rnv	privacy	legal/safeguarding/security page	<1>Legal obligation</1> — to meet accounting, tax and other legal requirements;
privacy.legitimate-interests-to-secure-rqhi	privacy	legal/safeguarding/security page	<1>Legitimate interests</1> — to secure, operate, analyse and improve the Service, prevent fraud/misuse, and tell you about relevant features (we balance this against your rights);
privacy.marketing-consent-records-kept-wgvx	privacy	legal/safeguarding/security page	<1>Marketing & consent records</1> — kept until you withdraw consent or object, plus a short period to evidence the request and honour suppression.
privacy.marketing-preferences-your-consent-1ii3	privacy	legal/safeguarding/security page	<1>Marketing preferences</1> — your consent choices.
privacy.monitoring-logging-to-detect-1wox	privacy	legal/safeguarding/security page	<1>Monitoring & logging</1> — to detect and respond to security issues; and
privacy.no-method-of-transmission-tefz	privacy	legal/safeguarding/security page	No method of transmission or storage is ever completely secure and we cannot guarantee absolute security. You play a part too: keep your login credentials confidential, use a strong unique password, give staff only the access they need, and tell us at once if you suspect any unauthorised access.
privacy.on-behalf-of-providers-d3ch	privacy	legal/safeguarding/security page	<1>On behalf of providers, the platform holds End-User data the provider enters</1>, which may include: parent/carer names and contact details; emergency contacts; child names, dates of birth and booking/attendance records; dietary requirements and photo-consent preferences; <2>special-category data</2> the provider chooses to record such as allergies, medical needs, SEND information, medication and safeguarding/incident notes; and staff records (which may include DBS status, training, payroll and absence). We process this only as the provider’s processor.
privacy.people-process-staff-are-1jrx	privacy	legal/safeguarding/security page	<1>People & process</1> — staff are bound by confidentiality, trained on data protection and access data only where needed.
privacy.privacy-data-protection-brand-198x	privacy	legal/safeguarding/security page	Privacy & Data Protection — {brand}
privacy.privacy-data-protection-policy-y9jj	privacy	legal/safeguarding/security page	Privacy & Data Protection Policy
privacy.professional-advisers-and-authorities-184z	privacy	legal/safeguarding/security page	<1>Professional advisers and authorities</1> — where required by law, to establish/exercise/defend legal claims, or to protect people’s safety; and
privacy.provider-account-data-your-u9gq	privacy	legal/safeguarding/security page	<1>Provider account data</1> (your name, business details, login, billing, enquiries) — <2>we are the controller</2>.
privacy.provider-account-profile-data-1lmi	privacy	legal/safeguarding/security page	<1>Provider account & profile data</1> — for the life of your account, then deleted within <2>90 days</2> of closure (limited contact details may be kept longer to handle a dispute).
privacy.provider-personal-data-we-1kvu	privacy	legal/safeguarding/security page	<1>Provider Personal Data we process on a provider’s behalf</1> — kept while their account is active; on termination it is available for <2>export for 30 days</2>, then removed from live systems within <3>90 days</3>, unless the provider or the law requires otherwise.
privacy.reputable-hosting-the-platform-v2q8	privacy	legal/safeguarding/security page	<1>Reputable hosting</1> — the platform runs on Google Cloud / Firebase infrastructure holding recognised security certifications;
privacy.safeguarding-incident-accident-medication-oy4j	privacy	legal/safeguarding/security page	<1>Safeguarding, incident, accident & medication records</1> — retained in line with the provider’s instructions as controller and applicable statutory guidance; such records often must be kept for extended periods (for example until a child reaches a specified age). <2>The provider determines and is responsible for the retention period.</2>
privacy.secure-authentication-passwords-stored-1j9t	privacy	legal/safeguarding/security page	<1>Secure authentication</1> — passwords stored only as salted hashes; sensitive actions gated by permissions;
privacy.strictly-necessary-cookies-required-1fku	privacy	legal/safeguarding/security page	<1>Strictly necessary cookies</1> — required to sign you in, keep your session secure, remember your place in a flow and make the platform work. These do not need consent.
privacy.stripe-payment-processing-pci-x3gt	privacy	legal/safeguarding/security page	<1>Stripe</1> — payment processing (PCI-DSS certified; card data handled by Stripe);
privacy.subscription-billing-plan-team-vnkr	privacy	legal/safeguarding/security page	<1>Subscription & billing</1> — plan, team size, billing status and transaction metadata (card numbers are handled by Stripe and are <2>never stored on our systems</2>);
privacy.support-communications-typically-retained-i8ut	privacy	legal/safeguarding/security page	<1>Support communications</1> — typically retained for up to <2>3 years</2>.
privacy.technical-usage-ip-address-5tu6	privacy	legal/safeguarding/security page	<1>Technical & usage</1> — IP address, device/browser type, pages viewed, actions taken and approximate location, for security and to improve the Service;
privacy.the-service-and-this-19ny	privacy	legal/safeguarding/security page	The Service and this website are intended for <1>businesses and adults (18+)</1> and are not directed at children. Children’s personal data is only ever processed on the platform as a provider’s <2>processor</2>, on their instructions and under our <3>Data Processing Agreement</3><4>Safeguarding</4>.
privacy.this-policy-explains-what-ah0s	privacy	legal/safeguarding/security page	This policy explains what personal data we collect, how and why we use it, who we share it with, how long we keep it, how we keep it secure, and the rights you have. It is written to align with the UK GDPR and the Data Protection Act 2018.
privacy.to-exercise-a-right-blmo	privacy	legal/safeguarding/security page	To exercise a right over data <1>we control</1> (your provider account), contact us using the details below. For data a <2>provider controls</2> (parent/child/staff records), contact that provider; we will assist them as their processor. We may ask you to verify your identity before we act. There is normally no charge, and we aim to respond within <3>one month</3> (we may extend by two further months for complex requests, and will tell you if so).
privacy.under-uk-data-protection-10kh	privacy	legal/safeguarding/security page	Under UK data-protection law you have the right to: be <1>informed</1>; <2>access</2> your data; have it <3>corrected</3>; have it <4>erased</4>; <5>restrict</5> or <6>object</6> to processing; <7>data portability</7>; and to <8>withdraw consent</8> (for consent-based processing such as marketing). You also have rights in relation to automated decision-making (see section 13).
privacy.we-aim-to-store-1drw	privacy	legal/safeguarding/security page	We aim to store and process personal data within the UK and/or European Economic Area. Where any transfer outside the UK/EEA is necessary (for example a sub-processor’s support function), we ensure an appropriate safeguard is in place — such as a UK adequacy decision, or the ICO’s International Data Transfer Agreement / the UK Addendum to the EU Standard Contractual Clauses — so your data receives equivalent protection.
privacy.we-do-not-make-17na	privacy	legal/safeguarding/security page	We do <1>not</1> make decisions that produce legal or similarly significant effects about you based solely on automated processing. We use limited automated features (for example basic analytics and reminders) to run and improve the Service, but a person is involved in any significant decision.
privacy.we-do-not-sell-a8il	privacy	legal/safeguarding/security page	We do not sell personal data. We share it only with trusted service providers (sub-processors) who help us run the platform, under data-processing contracts that require them to protect it and act on our instructions:
privacy.we-implement-appropriate-technical-1jkr	privacy	legal/safeguarding/security page	We implement appropriate technical and organisational measures to protect personal data against unauthorised access, loss, misuse, alteration or disclosure, in line with Article 32 of the UK GDPR. These include:
privacy.we-keep-personal-data-1rq1	privacy	legal/safeguarding/security page	We keep personal data only for as long as necessary for the purposes above, then delete or anonymise it. Our main retention periods are:
privacy.we-maintain-procedures-to-2y16	privacy	legal/safeguarding/security page	We maintain procedures to detect, investigate and respond to personal-data breaches. Where a breach is likely to result in a risk to people’s rights and freedoms and <1>we are the controller</1>, we will notify the Information Commissioner’s Office (ICO) <2>without undue delay and, where feasible, within 72 hours</2>, and affected individuals where required. Where we act as a provider’s <3>processor</3>, we will notify that provider without undue delay so they can meet their own obligations.
privacy.we-may-also-create-yhyc	privacy	legal/safeguarding/security page	We may also create and use <1>aggregated or anonymised data</1> — which no longer identifies anyone — to understand usage trends, produce statistics and improve the Service. Such data is not personal data and is not subject to this policy.
privacy.we-may-send-you-1s3v	privacy	legal/safeguarding/security page	We may send you information about the Service, features and offers where you have <1>opted in</1>, or where you are an existing provider and the law allows us to on a soft opt-in basis. Every marketing email includes an <2>unsubscribe</2> link, and you can opt out at any time by using it or contacting us — we action opt-outs promptly (normally within a few days). Opting out of marketing does not stop essential <3>service messages</3> (for example billing, security or important account notices), which we still need to send. We do not sell your data or share it with third parties for their own marketing.
privacy.we-may-update-this-18j6	privacy	legal/safeguarding/security page	We may update this policy from time to time. We will post the updated version here with a new “last updated” date and, for material changes, give reasonable notice (for example by email or in-app).
privacy.where-a-legal-hold-1858	privacy	legal/safeguarding/security page	Where a legal hold, dispute or regulatory obligation applies, we may retain relevant data for longer until that obligation ends. We review our retention practices periodically.
privacy.where-a-provider-is-1m96	privacy	legal/safeguarding/security page	Where a <1>provider is the controller</1>, they determine the purposes and lawful bases for their End-User data (including the Article 9 condition for any special-category data), and we process it only under our contract with them as processor.
privacy.where-we-are-the-oifg	privacy	legal/safeguarding/security page	Where <1>we are the controller</1> (provider account and website data) we rely on one or more of the UK GDPR lawful bases:
privacy.who-is-responsible-for-1p4o	privacy	legal/safeguarding/security page	Who is responsible for what depends on the data:
privacy.you-can-control-or-1ibv	privacy	legal/safeguarding/security page	You can control or delete cookies through your browser settings, but disabling strictly necessary cookies may stop parts of the Service working. Where we introduce any non-essential or third-party analytics, we will present a cookie choice and honour it.
safeguarding.a-child-whose-photo-1uxi	safeguarding	legal/safeguarding/security page	A child whose photo consent is off is excluded from shared moments — and staff see the flag before the picture is taken, not after.
safeguarding.a-collection-password-11sv	safeguarding	legal/safeguarding/security page	A collection password
safeguarding.a-dose-cannot-be-1i6t	safeguarding	legal/safeguarding/security page	A dose <1>cannot</1> be recorded against a medication that has no parental consent on file. Not a warning — the record is rejected. Every dose that is given goes on the MAR with the name of the person who gave it.
safeguarding.a-gate-not-a-1oyo	safeguarding	legal/safeguarding/security page	A gate, not a checklist
safeguarding.a-none-view-edit-m4zz	safeguarding	legal/safeguarding/security page	A None / View / Edit matrix per area. Medical detail reaches the staff running that session. Money doesn’t reach staff at all.
safeguarding.a-record-short-of-1mou	safeguarding	legal/safeguarding/security page	A record short of what you require reads <1>Start on hold</1>. Nobody works unsupervised until it reads <2>Cleared to start</2>.
safeguarding.a-trip-cannot-be-hc4k	safeguarding	legal/safeguarding/security page	A trip <1>cannot</1> be marked ready or completed while a single child on it is missing consent. The ratio target flags before you leave, not after.
safeguarding.accidents-in-writing-13i9	safeguarding	legal/safeguarding/security page	Accidents, in writing
safeguarding.adult-to-child-ratios-19fq	safeguarding	legal/safeguarding/security page	Adult-to-child ratios update as children are signed in and flag the moment you drop below what you set — on site and on trips.
safeguarding.allergies-medication-send-support-1lry	safeguarding	legal/safeguarding/security page	Allergies, medication, SEND support and care notes sit on the child’s row on the register — visible to the staff running that session, not to everyone with a login.
safeguarding.allergies-on-the-row-rwpd	safeguarding	legal/safeguarding/security page	Allergies on the row
safeguarding.assign-safeguarding-first-aid-a97d	safeguarding	legal/safeguarding/security page	Assign safeguarding, first aid and food hygiene from a built-in course library and keep completions and certificates against the person.
safeguarding.brand-records-prompts-and-1phu	safeguarding	legal/safeguarding/security page	{brand} records, prompts and, in the three places above, refuses. It does <1>not</1> decide whether someone is suitable to work with children, notice that a quiet child has gone quieter, or supervise a session. Those are judgements made by trained people, and no software should claim otherwise.
safeguarding.built-for-uk-childcare-f36r	safeguarding	legal/safeguarding/security page	Built for UK childcare
safeguarding.cleared-to-start-or-1wno	safeguarding	legal/safeguarding/security page	Cleared to start — or not started.
safeguarding.collected-by-recorded-fjlz	safeguarding	legal/safeguarding/security page	Collected by — recorded
safeguarding.consent-first-and-yours-nl4x	safeguarding	legal/safeguarding/security page	Consent-first, and yours to control.
safeguarding.dbs-references-right-to-17fy	safeguarding	legal/safeguarding/security page	DBS, references, right to work, qualifications and induction on a single record, with expiry dates that chase themselves before they lapse.
safeguarding.enforced-f1y3	safeguarding	legal/safeguarding/security page	🔒 Enforced
safeguarding.enforced-not-suggested-7yvw	safeguarding	legal/safeguarding/security page	Enforced, not suggested
safeguarding.every-child-is-signed-1t20	safeguarding	legal/safeguarding/security page	Every child is signed in and signed out, and the register is the record of exactly who was in your care and when.
safeguarding.every-concern-accident-dose-1032	safeguarding	legal/safeguarding/security page	Every concern, accident, dose and register entry carries who recorded it and when. That’s as much for your staff’s protection as anyone’s.
safeguarding.everyone-who-sees-a-1nri	safeguarding	legal/safeguarding/security page	Everyone who sees a child’s record has their own account, so every view and every edit has a name against it.
safeguarding.fifteen-minutes-your-own-1gk7	safeguarding	legal/safeguarding/security page	Fifteen minutes, your own setting’s scenario, no slides.
safeguarding.images-and-information-bs2v	safeguarding	legal/safeguarding/security page	Images and information
safeguarding.log-a-concern-9e30	safeguarding	legal/safeguarding/security page	Log a concern
safeguarding.log-an-accident-and-1yn6	safeguarding	legal/safeguarding/security page	Log an accident and the parent is emailed and notified in the app — and chased until they acknowledge it. A word at the door is not a record.
safeguarding.most-software-warns-you-151s	safeguarding	legal/safeguarding/security page	Most software warns you. These are refused by the server — there is no “continue anyway”.
safeguarding.no-consent-no-dose-1p7r	safeguarding	legal/safeguarding/security page	No consent, no dose
safeguarding.no-lapsed-certificate-on-gvu4	safeguarding	legal/safeguarding/security page	No lapsed certificate on a rota
safeguarding.no-shared-logins-g3r1	safeguarding	legal/safeguarding/security page	No shared logins
safeguarding.no-trip-without-every-vg39	safeguarding	legal/safeguarding/security page	No trip without every consent
safeguarding.not-a-policy-in-mq4o	safeguarding	legal/safeguarding/security page	Not a policy<br><1>in a drawer.</1>
safeguarding.on-the-day-n4vo	safeguarding	legal/safeguarding/security page	On the day
safeguarding.one-button-and-the-1r2l	safeguarding	legal/safeguarding/security page	One button, and the right person knows.
safeguarding.one-record-per-person-10s7	safeguarding	legal/safeguarding/security page	One record per person
safeguarding.only-what-their-role-1g5u	safeguarding	legal/safeguarding/security page	Only what their role needs
safeguarding.photo-consent-respected-1lxl	safeguarding	legal/safeguarding/security page	Photo consent, respected
safeguarding.policies-read-and-confirmed-1r1y	safeguarding	legal/safeguarding/security page	Policies, read and confirmed
safeguarding.present-absent-collected-8iaa	safeguarding	legal/safeguarding/security page	Present, absent, collected
safeguarding.publish-your-safeguarding-policy-1h5d	safeguarding	legal/safeguarding/security page	Publish your safeguarding policy with version history, assign it to roles, and see who has actually read and confirmed the current version.
safeguarding.ratios-calculated-live-1haz	safeguarding	legal/safeguarding/security page	Ratios, calculated live
safeguarding.records-that-outlast-the-146o	safeguarding	legal/safeguarding/security page	Records that outlast the term
safeguarding.registers-concerns-accidents-and-1fp2	safeguarding	legal/safeguarding/security page	Registers, concerns, accidents and medication logs are kept properly and exportable, so an inspection or a subject access request isn’t an archaeology project.
safeguarding.registers-ratios-collection-1njq	safeguarding	legal/safeguarding/security page	Registers, ratios & collection
safeguarding.roll-call-any-time-uxt8	safeguarding	legal/safeguarding/security page	Roll call, any time
safeguarding.run-a-headcount-mid-1mj1	safeguarding	legal/safeguarding/security page	Run a headcount mid-session or at every stage of a trip, and it’s recorded — so “we counted” is evidenced rather than remembered.
safeguarding.safeguarding-brand-lwo7	safeguarding	legal/safeguarding/security page	Safeguarding — {brand}
safeguarding.safeguarding-is-what-happens-3b72	safeguarding	legal/safeguarding/security page	Safeguarding is what happens at 8:45 on a wet Tuesday when a child arrives with an inhaler and a grandparent nobody recognises turns up at pick-up. {brand} is built for that moment — and there are three things it simply will not let you skip.
safeguarding.safeguarding-is-yours-we-ankm	safeguarding	legal/safeguarding/security page	Safeguarding is yours. We just refuse to let it be sloppy.
safeguarding.safer-recruitment-records-kept-irsy	safeguarding	legal/safeguarding/security page	Safer recruitment records kept as one list per person, not four spreadsheets and a folder.
safeguarding.see-it-on-a-1h1c	safeguarding	legal/safeguarding/security page	See it on a real register.
safeguarding.see-the-safeguarding-tools-1vnh	safeguarding	legal/safeguarding/security page	See the safeguarding tools
safeguarding.set-a-password-on-1wyq	safeguarding	legal/safeguarding/security page	Set a password on a child and the person collecting gives it at the door. If they can’t, the child doesn’t leave — and staff have a script, not a judgement call.
safeguarding.staff-don-t-decide-h7e0	safeguarding	legal/safeguarding/security page	Staff don’t decide whether a concern is serious enough to pass on. They log it; your safeguarding lead decides.
safeguarding.submitting-a-concern-notifies-156a	safeguarding	legal/safeguarding/security page	Submitting a concern notifies your named safeguarding lead automatically. Nothing sits in a drawer waiting for someone to notice it.
safeguarding.switch-on-compliance-and-1cav	safeguarding	legal/safeguarding/security page	Switch on compliance and a staff member whose first aid or safeguarding training has expired <1>cannot be rostered</1> onto a session. Expiry dates chase themselves before they lapse.
safeguarding.taken-on-a-phone-71pt	safeguarding	legal/safeguarding/security page	Taken on a phone at the door, not on a clipboard that gets left in the hall.
safeguarding.the-concern-categories-and-1i5p	safeguarding	legal/safeguarding/security page	The concern categories and the “what to do now” steps shown on the form are yours to write — your wording, your deadline, not generic advice.
safeguarding.the-decision-and-the-fz83	safeguarding	legal/safeguarding/security page	The decision and the action taken are recorded on the same record as the concern, so the two never come apart — and the whole thing exports as a PDF.
safeguarding.the-name-of-the-1fic	safeguarding	legal/safeguarding/security page	The name of the adult who collected is recorded against the child, and only people on that family’s list can be chosen. Walk-home permission is a separate, explicit flag.
safeguarding.the-people-you-put-17z6	safeguarding	legal/safeguarding/security page	The people you put in front of children
safeguarding.the-right-numbers-ready-xbna	safeguarding	legal/safeguarding/security page	The right numbers, ready
safeguarding.three-things-you-can-pvn2	safeguarding	legal/safeguarding/security page	Three things you can’t click past.
safeguarding.timestamped-and-attributed-j9m4	safeguarding	legal/safeguarding/security page	Timestamped and attributed
safeguarding.training-on-the-same-19cu	safeguarding	legal/safeguarding/security page	Training on the same record
safeguarding.what-it-does-do-12pp	safeguarding	legal/safeguarding/security page	What it does do is remove the excuses. The consent was recorded or it wasn’t. The register says who collected her. The concern reached your lead the same afternoon, with the time on it. The certificate was in date, or the rota wouldn’t take them.
safeguarding.what-you-did-about-mtvw	safeguarding	legal/safeguarding/security page	What you did about it
safeguarding.when-something-isn-t-15wv	safeguarding	legal/safeguarding/security page	When something isn’t right
safeguarding.where-software-stops-1lqs	safeguarding	legal/safeguarding/security page	Where software stops
safeguarding.who-s-here-who-199v	safeguarding	legal/safeguarding/security page	Who’s here, who’s left, and with whom.
safeguarding.you-are-the-data-xcii	safeguarding	legal/safeguarding/security page	You are the data controller
safeguarding.you-still-need-a-1ooz	safeguarding	legal/safeguarding/security page	You still need a named safeguarding lead, trained staff, a policy your team has actually read, and the local numbers to hand. Set those up on day one — the system will hold you to them afterwards.
safeguarding.your-categories-your-protocol-uzoj	safeguarding	legal/safeguarding/security page	Your categories, your protocol
safeguarding.your-families-data-is-1n6m	safeguarding	legal/safeguarding/security page	Your families’ data is yours. It is not pooled with other providers, sold, or shared. Held in line with UK GDPR, encrypted in transit and at rest.
safeguarding.your-lado-mash-and-1ovw	safeguarding	legal/safeguarding/security page	Your LADO, MASH and out-of-hours numbers for every council you work in, on the form and on the exported record, live for click-to-call. Nobody looks up a number calmly.
safeguarding.your-lead-is-alerted-516b	safeguarding	legal/safeguarding/security page	Your lead is alerted, every time
schools.18-4k-16b8	schools	claim (price/compliance/security/safeguarding wording)	£18.4k
schools.6-week-block-coach-kqwf	schools	claim (price/compliance/security/safeguarding wording)	6-week block · coach-led · £36
schools.assign-safeguarding-food-hygiene-jpz8	schools	claim (price/compliance/security/safeguarding wording)	Assign safeguarding, food hygiene, paediatric first aid and the rest from a built-in course library, and keep completions and certificates against the staff record.
schools.card-tax-free-childcare-18hv	schools	claim (price/compliance/security/safeguarding wording)	<1/>Card, Tax-Free Childcare, vouchers — or a funded place at £0
schools.central-gets-a-trust-1ctn	schools	claim (price/compliance/security/safeguarding wording)	Central gets a trust-wide view of income, take-up, staffing and safeguarding, and can push a policy, price or club template out to every school. Each school still runs its own provision and can only see its own families. Permissions are set per person, so a business manager, a club lead and a DSL each see what their role needs.
schools.dbs-references-right-to-1st8	schools	claim (price/compliance/security/safeguarding wording)	DBS, references, right to work, qualifications and induction tracked per staff member, with expiry dates that chase themselves and a clear “cleared to start” gate before anyone is put on a rota.
schools.mon-fri-reception-y6-e54w	schools	claim (price/compliance/security/safeguarding wording)	Mon–Fri · Reception–Y6 · £4.50
schools.mon-fri-to-18-14fg	schools	claim (price/compliance/security/safeguarding wording)	Mon–Fri · to 18:00 · £9.00
schools.photos-shared-with-consenting-uztq	schools	claim (price/compliance/security/safeguarding wording)	<1/>Photos shared with consenting parents
schools.publish-safeguarding-behaviour-and-9h2p	schools	claim (price/compliance/security/safeguarding wording)	Publish safeguarding, behaviour and first-aid policies with version history, assign them to roles, and see who has actually read and confirmed the current version.
schools.safeguarding-oversight-incidents-and-14w2	schools	claim (price/compliance/security/safeguarding wording)	<1/>Safeguarding oversight — incidents and medication across the trust, read-only
schools.safeguarding-staff-compliance-1gv6	schools	claim (price/compliance/security/safeguarding wording)	Safeguarding, staff & compliance
schools.that-s-the-common-edgl	schools	claim (price/compliance/security/safeguarding wording)	That’s the common case. Staff are added once, given the roles they need, and rota’d onto clubs around the school day. Their DBS and training sit on the same record, and clocked hours become a timesheet for the finance office rather than an email.
schools.you-are-family-and-sgzj	schools	claim (price/compliance/security/safeguarding wording)	You are. Family and child data belongs to the school or trust that collected it — it isn’t pooled, sold or shared with other providers. Data is held in line with UK GDPR, encrypted in transit and at rest, and our processing terms are published in full.
security.backups-resilience-1czr	security	legal/safeguarding/security page	Backups & resilience
security.book-a-demo-and-2l3c	security	legal/safeguarding/security page	Book a demo and we’ll walk you through how your data is protected — or read the detail in our policies.
security.breach-response-1w73	security	legal/safeguarding/security page	Breach response
security.built-to-protect-the-39jh	security	legal/safeguarding/security page	Built to protect the data you hold.
security.card-payments-run-through-kg5p	security	legal/safeguarding/security page	Card payments run through Stripe (PCI-DSS certified). Card numbers are never stored on our systems, and money lands in your own account.
security.certifications-on-our-roadmap-1rkx	security	legal/safeguarding/security page	Certifications on our roadmap
security.clear-privacy-policy-terms-1t4z	security	legal/safeguarding/security page	Clear <1>Privacy Policy</1>, <2>Terms</2> and DPA, a named sub-processor list, and data export whenever you want it.
security.compliance-1lxb	security	legal/safeguarding/security page	Compliance
security.dbs-tracking-live-ratios-43ed	security	legal/safeguarding/security page	DBS tracking, live ratios, allergy/medical/SEND flags, medication locks and read-and-confirm policies — the evidence you need at inspection, built in.
security.each-provider-s-data-3b7k	security	legal/safeguarding/security page	Each provider’s data is logically isolated — one provider can never see another’s families, staff or finances.
security.encrypted-everywhere-1y1a	security	legal/safeguarding/security page	Encrypted everywhere
security.every-connection-is-secured-pl86	security	legal/safeguarding/security page	Every connection is secured with HTTPS/TLS, and data is encrypted at rest on the infrastructure that stores it.
security.happy-to-talk-it-1trc	security	legal/safeguarding/security page	Happy to talk it through.
security.how-we-protect-it-1h3l	security	legal/safeguarding/security page	How we protect it
security.keeping-children-s-data-1v0v	security	legal/safeguarding/security page	Keeping children’s data safe on {brand}
security.least-privilege-access-18hw	security	legal/safeguarding/security page	Least-privilege access
security.passwords-never-stored-1frp	security	legal/safeguarding/security page	Passwords never stored
security.payments-handled-by-stripe-luuj	security	legal/safeguarding/security page	Payments handled by Stripe
security.people-process-1i6w	security	legal/safeguarding/security page	People & process
security.questions-about-security-iuuh	security	legal/safeguarding/security page	Questions about security?
security.read-our-privacy-policy-cs1d	security	legal/safeguarding/security page	Read our Privacy Policy
security.read-the-dpa-1nmh	security	legal/safeguarding/security page	Read the DPA
security.regular-backups-guard-against-lol1	security	legal/safeguarding/security page	Regular backups guard against loss and support restoration, with monitoring to catch issues early.
security.reputable-hosting-12do	security	legal/safeguarding/security page	Reputable hosting
security.role-based-permissions-mean-1grd	security	legal/safeguarding/security page	Role-based permissions mean each person sees only their part — the office sees money, coaches see only their sessions.
security.runs-on-google-cloud-p4sd	security	legal/safeguarding/security page	Runs on Google Cloud / Firebase infrastructure in UK/EU regions, which holds recognised security certifications.
security.safeguarding-inspection-ready-1e3t	security	legal/safeguarding/security page	Safeguarding, inspection-ready
security.security-measures-in-plain-1qi5	security	legal/safeguarding/security page	Security measures, in plain English.
security.security-trust-brand-1fie	security	legal/safeguarding/security page	Security & Trust — {brand}
security.staff-are-bound-by-ta11	security	legal/safeguarding/security page	Staff are bound by confidentiality, trained on data protection, and access data only where they need to.
security.transparent-documented-rm6i	security	legal/safeguarding/security page	Transparent & documented
security.uk-data-protection-done-9hb4	security	legal/safeguarding/security page	UK data protection, done properly.
security.uk-gdpr-dpa-2018-1flk	security	legal/safeguarding/security page	UK GDPR & DPA 2018
security.we-describe-the-measures-oisb	security	legal/safeguarding/security page	We describe the measures we take, but no system is ever completely secure. You help too — keep your login safe and give staff only the access they need.
security.we-follow-security-best-17fu	security	legal/safeguarding/security page	We follow security best practices aligned to recognised standards, and formal certifications (such as ISO 27001 and Cyber Essentials) are on our roadmap as we grow. <1>Status: in progress.</1>
security.we-have-procedures-to-qkio	security	legal/safeguarding/security page	We have procedures to detect and respond to incidents, and will notify the ICO within 72 hours where required, and you without undue delay.
security.we-never-see-your-1002	security	legal/safeguarding/security page	We never see your password — it’s stored only as a salted hash by our authentication provider.
security.we-re-built-to-1olw	security	legal/safeguarding/security page	We’re built to align with the UK GDPR and the Data Protection Act 2018. You are the <1>data controller</1> for your families’ and staff data; we act as your <2>processor</2> under a <3>Data Processing Agreement</3> you sign at set-up.
security.you-re-trusted-with-gwyp	security	legal/safeguarding/security page	You’re trusted with children’s information — allergies, medical needs, safeguarding notes. We take that seriously, with security built into the platform and a clear split of responsibility so you always know where your data stands.
security.your-data-is-walled-kd9a	security	legal/safeguarding/security page	Your data is walled off
terms.1-about-these-terms-tuxc	terms	legal/safeguarding/security page	1. About these terms
terms.10-data-protection-1l11	terms	legal/safeguarding/security page	10. Data protection
terms.11-intellectual-property-b6am	terms	legal/safeguarding/security page	11. Intellectual property
terms.12-confidentiality-1i2s	terms	legal/safeguarding/security page	12. Confidentiality
terms.13-availability-support-1qjq	terms	legal/safeguarding/security page	13. Availability & support
terms.14-third-party-services-djd8	terms	legal/safeguarding/security page	14. Third-party services
terms.15-links-to-third-ljiw	terms	legal/safeguarding/security page	15. Links to third-party sites
terms.16-disclaimers-13bq	terms	legal/safeguarding/security page	16. Disclaimers
terms.17-limitation-of-liability-1dbj	terms	legal/safeguarding/security page	17. Limitation of liability
terms.18-indemnity-v1h3	terms	legal/safeguarding/security page	18. Indemnity
terms.19-suspension-termination-1qr7	terms	legal/safeguarding/security page	19. Suspension & termination
terms.2-definitions-15kl	terms	legal/safeguarding/security page	2. Definitions
terms.20-changes-xtee	terms	legal/safeguarding/security page	20. Changes
terms.21-general-t6d9	terms	legal/safeguarding/security page	21. General
terms.22-governing-law-10jy	terms	legal/safeguarding/security page	22. Governing law
terms.22-governing-law-jurisdiction-jehv	terms	legal/safeguarding/security page	22. Governing law & jurisdiction
terms.23-contact-n4og	terms	legal/safeguarding/security page	23. Contact
terms.3-your-account-1xkp	terms	legal/safeguarding/security page	3. Your account
terms.3-your-account-eligibility-f9id	terms	legal/safeguarding/security page	3. Your account & eligibility
terms.4-the-service-5u6d	terms	legal/safeguarding/security page	4. The service
terms.5-fees-payment-16sq	terms	legal/safeguarding/security page	5. Fees & payment
terms.6-payments-to-you-1v71	terms	legal/safeguarding/security page	6. Payments to you & your Stripe account
terms.6-payments-to-you-f35y	terms	legal/safeguarding/security page	6. Payments to you
terms.7-your-responsibilities-1hdl	terms	legal/safeguarding/security page	7. Your responsibilities
terms.7-your-responsibilities-acceptable-16kc	terms	legal/safeguarding/security page	7. Your responsibilities & acceptable use
terms.8-acceptable-use-prohibited-1o67	terms	legal/safeguarding/security page	8. Acceptable use & prohibited activities
terms.9-systems-integrity-malicious-1lp3	terms	legal/safeguarding/security page	9. Systems integrity & malicious code
terms.automated-bulk-access-scrape-1m1f	terms	legal/safeguarding/security page	<1>Automated bulk access</1> — scrape, harvest, crawl, index or otherwise extract data from the Service, or access it through bots, scripts or other automated means or in bulk, except through interfaces we provide or with our prior written permission;
terms.by-breaching-this-clause-1u36	terms	legal/safeguarding/security page	By breaching this clause you may be committing a criminal offence under the <1>Computer Misuse Act 1990</1>. We will report any such suspected breach to the relevant law-enforcement authorities and will cooperate with them, including by disclosing your identity to them. In the event of such a breach your right to use the Service will cease immediately.
terms.card-processing-is-handled-122c	terms	legal/safeguarding/security page	Card processing is handled by Stripe on your own connected account. <1>Standard Stripe card fees are charged by Stripe, not us.</1> If a payment to us fails we may suspend the Service until it is resolved.
terms.circumventing-controls-attempt-to-19gq	terms	legal/safeguarding/security page	<1>Circumventing controls</1> — attempt to circumvent, disable or defeat any security measure, authentication, access control, tenant isolation, rate limit or usage limit, or access data or areas you are not authorised to access;
terms.draft-for-review-this-1pfu	terms	legal/safeguarding/security page	⚠️ <1>Draft for review.</1> This document is a working draft. The operating company’s registered details and final wording are to be confirmed, and it should be reviewed by a qualified solicitor before launch. References to “<2>{brand}</2>”, “<3>we</3>”, “<4>us</4>” or “<5>our</5>” mean <6>[operating company legal name — to be confirmed]</6>, a company registered in England & Wales (company no. <7>[TBC]</7>), registered office <8>[address — TBC]</8>.
terms.each-party-the-receiving-1pga	terms	legal/safeguarding/security page	Each party (the “<1>receiving party</1>”) may be given access to non-public business, technical, commercial or financial information of the other (the “<2>disclosing party</2>”) that is marked as confidential or would reasonably be understood to be confidential (“<3>Confidential Information</3>”). This includes, for us, the non-public features, pricing, roadmap and workings of the Service, and, for you, your non-public business information.
terms.end-users-the-parents-aabk	terms	legal/safeguarding/security page	<1>“End Users”</1> — the parents, carers, children and staff whose information you enter into or manage through the Service.
terms.ensure-your-content-is-c9tg	terms	legal/safeguarding/security page	ensure Your Content is accurate, that you have the right to submit it, and that it does not infringe others’ rights or break the law;
terms.false-or-fraudulent-activity-1yl7	terms	legal/safeguarding/security page	<1>False or fraudulent activity</1> — create false, fraudulent, duplicate or “test” bookings, accounts, payments or records, or submit any data in bad faith or to manipulate the Service or its outputs;
terms.fees-are-shown-on-1qob	terms	legal/safeguarding/security page	Fees are shown on our pricing page and at checkout, exclusive of VAT unless stated. Company pricing is by team size; franchise pricing is per network.
terms.free-trials-where-offered-1i85	terms	legal/safeguarding/security page	Free trials, where offered, convert to a paid Subscription unless cancelled before the trial ends.
terms.hold-all-registrations-insurance-58df	terms	legal/safeguarding/security page	hold all registrations, insurance, DBS checks and consents your activities require, and meet your safeguarding and duty-of-care obligations;
terms.interference-overloading-interfere-with-1ikz	terms	legal/safeguarding/security page	<1>Interference & overloading</1> — interfere with, disrupt, degrade or place an unreasonable or disproportionately large load on the Service, its infrastructure or any connected network;
terms.keep-the-personal-data-1nvx	terms	legal/safeguarding/security page	keep the personal data you handle (including children’s data) secure and lawful — see clause 10;
terms.nothing-in-these-terms-5a16	terms	legal/safeguarding/security page	Nothing in these Terms limits liability that cannot lawfully be limited — including liability for death or personal injury caused by negligence, or for fraud or fraudulent misrepresentation.
terms.our-total-aggregate-liability-ujjc	terms	legal/safeguarding/security page	our total aggregate liability arising out of or in connection with the Service, whether in contract, tort (including negligence) or otherwise, is <1>limited to the total Subscription fees you paid to us in the 12 months before the event giving rise to the claim</1>.
terms.payments-from-your-end-8l87	terms	legal/safeguarding/security page	Payments from your End Users are processed through <1>your own Stripe (or equivalent) account</1> and settle directly to your bank. We do not hold, control or have a claim to those funds. Refunds, chargebacks, disputes and any related fees are matters between you, your End Users and your payment processor, and are governed by your processor’s terms. We are not a bank, payment institution, or party to your bookings.
terms.phishing-impersonation-phish-impersonate-ifvu	terms	legal/safeguarding/security page	<1>Phishing & impersonation</1> — phish, impersonate any person or organisation, misrepresent your identity or affiliation, or falsely state or imply a connection with us;
terms.provider-you-the-activity-hah1	terms	legal/safeguarding/security page	<1>“Provider”</1> / <2>“you”</2> — the activity provider (freelancer, company or franchise) that holds an account.
terms.questions-about-these-terms-17pe	terms	legal/safeguarding/security page	Questions about these Terms? Contact us at <1>[email — TBC]</1>, <2>[operating company — TBC]</2>, <3>[registered address — TBC]</3>.
terms.reselling-sublicensing-resell-sublicense-1qbd	terms	legal/safeguarding/security page	<1>Reselling & sublicensing</1> — resell, sublicense, rent, lease, distribute or otherwise make the Service available to any third party, or operate it as a service bureau for others, except as expressly permitted in these Terms;
terms.reverse-engineering-copying-reverse-qgeo	terms	legal/safeguarding/security page	<1>Reverse-engineering & copying</1> — reverse-engineer, decompile, disassemble, copy, modify or create derivative works of the software or any part of the Service, or attempt to derive its source code, except to the limited extent the law says this cannot be prohibited.
terms.subject-to-that-and-xcpw	terms	legal/safeguarding/security page	Subject to that, and to the fullest extent permitted by law:
terms.subscription-the-paid-plan-12xf	terms	legal/safeguarding/security page	<1>“Subscription”</1> — the paid plan you select, billed monthly or annually.
terms.subscriptions-renew-automatically-monthly-14af	terms	legal/safeguarding/security page	Subscriptions renew automatically (monthly or annually) until cancelled. You can cancel at any time; cancellation takes effect at the end of your current billing period and <1>fees already paid are non-refundable</1> except where required by law.
terms.terms-of-service-brand-18rj	terms	legal/safeguarding/security page	Terms of Service — {brand}
terms.the-receiving-party-will-1ii1	terms	legal/safeguarding/security page	The receiving party will keep the disclosing party’s Confidential Information confidential, use it only to perform its obligations and exercise its rights under these Terms, and disclose it only to its staff, contractors and professional advisers who need to know it for that purpose and who are bound by confidentiality duties at least as protective as these. The receiving party will protect it with at least the same degree of care it uses for its own confidential information, and no less than a reasonable standard of care.
terms.the-service-and-our-yxat	terms	legal/safeguarding/security page	The Service and our website may contain links to third-party websites, resources, content or services that we do not own or control. We provide those links for convenience only; a link does <1>not</1> mean we endorse, or are affiliated with, the linked site or its operator. We have no control over, and accept <2>no responsibility for</2>, the content, products, availability, security or privacy and data-handling practices of any third-party site, and you access them at your own risk. Any dealings you have with a third party you reach through such a link are solely between you and that third party, and are governed by that third party’s own terms and policies. This clause is separate from clause 14, which concerns the third-party services that power the Service itself.
terms.the-service-is-provided-60m9	terms	legal/safeguarding/security page	The Service is provided for you to run your own genuine activity business. You must not, and must not permit anyone else (including your staff or End Users) to, do any of the following in connection with the Service:
terms.the-service-provides-software-1r3j	terms	legal/safeguarding/security page	The Service provides software to run an activity business — including a branded booking page, registers, staff and finance tools, communications and, where enabled, related features. We may add, change or remove features. The Service is provided to help you run your business; <1>you remain solely responsible for your own regulatory, safeguarding, ratio, DBS, insurance and compliance obligations</1> and for the decisions you make using it.
terms.the-service-works-with-dvtw	terms	legal/safeguarding/security page	The Service works with third parties such as Stripe (payments), Google Cloud / Firebase (hosting), HMRC (Tax-Free Childcare) and email delivery providers. Your use of those services is subject to their own terms, and <1>we are not responsible for their acts, omissions, availability or failures</1>.
terms.these-confidentiality-obligations-continue-1fyt	terms	legal/safeguarding/security page	These confidentiality obligations continue for <1>three (3) years</1> after termination of the agreement, except that Confidential Information which is a trade secret or personal data remains protected for as long as the law requires. This clause does not affect either party’s obligations under clause 10 (Data protection).
terms.these-obligations-do-not-wng5	terms	legal/safeguarding/security page	These obligations do not apply to information that: (a) is or becomes public through no breach of these Terms by the receiving party; (b) was lawfully known to the receiving party, free of any confidentiality duty, before disclosure; (c) is independently developed by the receiving party without use of the disclosing party’s Confidential Information; or (d) is required to be disclosed by law, a court or a regulator, provided the receiving party (where lawful) gives reasonable prior notice so the disclosing party can seek protective measures.
terms.these-terms-and-any-1gm9	terms	legal/safeguarding/security page	These Terms and any dispute arising from them are governed by the laws of <1>England & Wales</1>, and the courts of England & Wales have exclusive jurisdiction.
terms.these-terms-are-the-z1jx	terms	legal/safeguarding/security page	These Terms are the entire agreement between us for the Service. If any part is found unenforceable, the rest continues to apply. Our failure to enforce a right is not a waiver of it. You may not assign the agreement without our consent; we may assign it to a successor of our business. Neither party is liable for failure caused by events beyond its reasonable control (force majeure). Notices to us should be sent to the contact below.
terms.these-terms-govern-your-1aoo	terms	legal/safeguarding/security page	These terms govern your use of the {brand} platform. Please read them carefully — by creating an account or using the service you agree to them.
terms.these-terms-of-service-3w32	terms	legal/safeguarding/security page	These Terms of Service (the “<1>Terms</1>”), together with our <2>Privacy & Data Protection Policy</2> and any order or plan you select, form the agreement between you and us for your use of the {brand} platform (the “<3>Service</3>”). If you use the Service on behalf of a business, you confirm you have authority to bind that business, and “you” means that business.
terms.to-the-fullest-extent-55lg	terms	legal/safeguarding/security page	To the fullest extent permitted by law, we exclude all implied warranties, conditions and terms. We do not warrant that the Service will meet every requirement, be uninterrupted or error-free, or that it will make you compliant with your legal obligations — <1>compliance decisions remain yours</1>. You use the Service, and rely on its outputs, at your own risk.
terms.unlawful-or-harmful-content-1tvv	terms	legal/safeguarding/security page	<1>Unlawful or harmful content</1> — upload, store or transmit content that is unlawful, infringing, defamatory, obscene, harassing, discriminatory, threatening or otherwise harmful, or that infringes any third party’s intellectual-property, privacy or other rights;
terms.unlawful-or-unsolicited-communications-161k	terms	legal/safeguarding/security page	<1>Unlawful or unsolicited communications</1> — use the Service to send spam, unlawful, deceptive or unsolicited communications, or to breach marketing, e-privacy or anti-spam laws; and
terms.use-the-service-in-4qhq	terms	legal/safeguarding/security page	use the Service in line with the acceptable-use and systems-integrity rules in clauses 8 and 9, and ensure your staff and End Users do the same.
terms.use-the-service-only-97ts	terms	legal/safeguarding/security page	use the Service only for lawful purposes and in line with these Terms;
terms.we-and-our-licensors-xes4	terms	legal/safeguarding/security page	We (and our licensors) own the Service, its software, design and branding. We grant you a non-exclusive, non-transferable licence to use the Service during your Subscription. <1>You keep ownership of Your Content</1> and grant us the licence needed to host and process it to provide the Service. You may not copy, resell or create derivative works from the Service.
terms.we-are-not-liable-102a	terms	legal/safeguarding/security page	we are <1>not liable</1> for loss or corruption of data to the extent it arises from your acts or omissions, your failure to keep credentials secure, third-party services, or events outside our reasonable control;
terms.we-are-not-liable-1ac7	terms	legal/safeguarding/security page	we are <1>not liable</1> for your safeguarding, regulatory, employment, tax or other compliance obligations, or for the conduct of your End Users; and
terms.we-are-not-liable-tkqe	terms	legal/safeguarding/security page	we are <1>not liable</1> for loss of profit, revenue, business, goodwill, anticipated savings, or for any indirect or consequential loss;
terms.we-look-after-your-bjbs	terms	legal/safeguarding/security page	We look after your account data as a controller, and we protect all data with appropriate technical and organisational measures. How we do this is set out in our <1>Privacy & Data Protection Policy</1>, which forms part of these Terms and includes the data-processing terms that apply between us.
terms.we-may-change-fees-1gkx	terms	legal/safeguarding/security page	We may change fees on reasonable notice (at least 30 days for existing Subscriptions); changes take effect at your next renewal.
terms.we-may-investigate-suspected-swm1	terms	legal/safeguarding/security page	We may investigate suspected misuse and take proportionate action, including removing content, restricting features, or suspending or terminating your access under clause 19.
terms.we-may-update-these-1crp	terms	legal/safeguarding/security page	We may update these Terms from time to time. If we make material changes we will give reasonable notice (for example by email or in-app). Continuing to use the Service after changes take effect means you accept the updated Terms.
terms.we-work-hard-to-1wml	terms	legal/safeguarding/security page	We work hard to keep the Service available and to fix issues promptly, but the Service is provided on an “<1>as available</1>” basis. We do not guarantee uninterrupted or error-free operation, and we may carry out maintenance (with notice where practical). Features marked beta or “coming soon” may change or be withdrawn.
terms.when-you-use-the-m1zl	terms	legal/safeguarding/security page	When you use the Service to handle information about your End Users (for example parents, children and staff), <1>you are the data controller and we act as your data processor</1>, processing that information on your documented instructions to provide the Service. You are responsible for having a lawful basis (and, where required, consent) for that information, and for your own privacy notices to your End Users.
terms.you-agree-that-you-sjck	terms	legal/safeguarding/security page	You agree that you will:
terms.you-agree-to-indemnify-1oz6	terms	legal/safeguarding/security page	You agree to indemnify and hold us harmless against claims, losses, damages and reasonable costs arising from your use of the Service, Your Content, your breach of these Terms, or your breach of any law or third-party right (including data protection and safeguarding obligations to your End Users).
terms.you-may-cancel-your-1rei	terms	legal/safeguarding/security page	You may cancel your Subscription at any time from your account. We may suspend or terminate your access if you breach these Terms, fail to pay, or use the Service in a way that risks harm or legal liability. On termination your licence ends; we will make Your Content available for export for a reasonable period, after which it may be deleted in line with our Privacy Policy. Clauses that by their nature should survive termination (including 10, 11, 12, 16–18 and 22) continue to apply.
terms.you-must-be-at-1yw4	terms	legal/safeguarding/security page	You must be at least 18 and operating a genuine activity business. You are responsible for keeping your login credentials secure, for all activity under your account, and for ensuring your staff use the Service appropriately. Tell us promptly if you suspect unauthorised access. You must give accurate registration information and keep it up to date.
terms.you-must-not-introduce-kf8y	terms	legal/safeguarding/security page	You must not introduce, or attempt to introduce, any viruses, trojans, worms, logic bombs, ransomware or other material that is malicious or technologically harmful into the Service, its servers, databases or any connected system. You must not attempt to gain unauthorised access to the Service, the servers on which it is hosted, or any server, computer or database connected to it, and you must not attack the Service via a denial-of-service or distributed denial-of-service attack.
terms.you-pay-a-flat-5esu	terms	legal/safeguarding/security page	You pay a <1>flat Subscription fee</1> for your plan. We do not take a commission or percentage of your bookings.
terms.your-content-the-listings-1hem	terms	legal/safeguarding/security page	<1>“Your Content”</1> — the listings, bookings, records, media and personal data you or your End Users submit to the Service.
tour.0-commission-reconciled-for-fgxj	tour	claim (price/compliance/security/safeguarding wording)	0% commission, reconciled for you, with money landing in your own account.
